run,branch,epoch,step,group,bucket,count,mean_entropy,mean_margin,mean_ptrue
input,bigram,1,330,novel,f0,25401,5.966147671172252,0.08607571401352213,0.006007376865054069
input,bigram,1,330,novel,f1,0,0.0,0.0,0.0
input,bigram,1,330,novel,f16-63,0,0.0,0.0,0.0
input,bigram,1,330,novel,f2-3,0,0.0,0.0,0.0
input,bigram,1,330,novel,f256+,0,0.0,0.0,0.0
input,bigram,1,330,novel,f4-7,0,0.0,0.0,0.0
input,bigram,1,330,novel,f64-255,0,0.0,0.0,0.0
input,bigram,1,330,novel,f8-15,0,0.0,0.0,0.0
input,bigram,1,330,seen,f0,0,0.0,0.0,0.0
input,bigram,1,330,seen,f1,12905,5.973276492605741,0.08401879578719117,0.015239045793600563
input,bigram,1,330,seen,f16-63,74658,4.900503630463478,0.18782844861606768,0.1389642130645052
input,bigram,1,330,seen,f2-3,16563,5.816790256416467,0.10119137837186214,0.04170245566478947
input,bigram,1,330,seen,f256+,294237,4.689450997655614,0.17016769703871595,0.13456893834872088
input,bigram,1,330,seen,f4-7,20656,5.615097960584081,0.1273840075114556,0.07413812803845503
input,bigram,1,330,seen,f64-255,119379,4.592667125437388,0.20007536245504925,0.15466905205866607
input,bigram,1,330,seen,f8-15,26025,5.295402077581236,0.15965808095448042,0.10877997374531366
input,bigram,2,670,novel,f0,25401,4.037118542648288,0.2348611744950148,0.0065053965129588135
input,bigram,2,670,novel,f1,0,0.0,0.0,0.0
input,bigram,2,670,novel,f16-63,0,0.0,0.0,0.0
input,bigram,2,670,novel,f2-3,0,0.0,0.0,0.0
input,bigram,2,670,novel,f256+,0,0.0,0.0,0.0
input,bigram,2,670,novel,f4-7,0,0.0,0.0,0.0
input,bigram,2,670,novel,f64-255,0,0.0,0.0,0.0
input,bigram,2,670,novel,f8-15,0,0.0,0.0,0.0
input,bigram,2,670,seen,f0,0,0.0,0.0,0.0
input,bigram,2,670,seen,f1,12905,3.8844868255071274,0.26219989174658687,0.05552926917855052
input,bigram,2,670,seen,f16-63,74658,3.5438072305307884,0.2794440168623516,0.1741553771397829
input,bigram,2,670,seen,f2-3,16563,3.7588499218164344,0.2763795513666013,0.09260336866691739
input,bigram,2,670,seen,f256+,294237,3.8676464962683994,0.21623982722965054,0.15808592283872447
input,bigram,2,670,seen,f4-7,20656,3.7000888318855454,0.2802173475989903,0.12215177779950014
input,bigram,2,670,seen,f64-255,119379,3.5565283133959626,0.26311623915297194,0.18343501407209253
input,bigram,2,670,seen,f8-15,26025,3.582875147758608,0.28900142249732663,0.1516044855281876
input,bigram,3,1010,novel,f0,25401,2.835052876691778,0.3238221906327349,0.006320090412250994
input,bigram,3,1010,novel,f1,0,0.0,0.0,0.0
input,bigram,3,1010,novel,f16-63,0,0.0,0.0,0.0
input,bigram,3,1010,novel,f2-3,0,0.0,0.0,0.0
input,bigram,3,1010,novel,f256+,0,0.0,0.0,0.0
input,bigram,3,1010,novel,f4-7,0,0.0,0.0,0.0
input,bigram,3,1010,novel,f64-255,0,0.0,0.0,0.0
input,bigram,3,1010,novel,f8-15,0,0.0,0.0,0.0
input,bigram,3,1010,seen,f0,0,0.0,0.0,0.0
input,bigram,3,1010,seen,f1,12905,2.669150909351161,0.3594402202624064,0.06506724723936648
input,bigram,3,1010,seen,f16-63,74658,2.579498404935943,0.3720201884824425,0.1856812532267504
input,bigram,3,1010,seen,f2-3,16563,2.5185550782821196,0.38728018571079326,0.10575919460793956
input,bigram,3,1010,seen,f256+,294237,3.3030341508818326,0.26652063946883026,0.16708281894789143
input,bigram,3,1010,seen,f4-7,20656,2.462581448380808,0.3973047771939458,0.13658581161999517
input,bigram,3,1010,seen,f64-255,119379,2.8297965926505735,0.3320717147672687,0.1936074746253107
input,bigram,3,1010,seen,f8-15,26025,2.4329376863721577,0.4020175799037492,0.16475431044741032
input,bigram,4,1340,novel,f0,25401,2.330730869061464,0.3817890837524889,0.006056587895694842
input,bigram,4,1340,novel,f1,0,0.0,0.0,0.0
input,bigram,4,1340,novel,f16-63,0,0.0,0.0,0.0
input,bigram,4,1340,novel,f2-3,0,0.0,0.0,0.0
input,bigram,4,1340,novel,f256+,0,0.0,0.0,0.0
input,bigram,4,1340,novel,f4-7,0,0.0,0.0,0.0
input,bigram,4,1340,novel,f64-255,0,0.0,0.0,0.0
input,bigram,4,1340,novel,f8-15,0,0.0,0.0,0.0
input,bigram,4,1340,seen,f0,0,0.0,0.0,0.0
input,bigram,4,1340,seen,f1,12905,2.175227345545679,0.4198955199740761,0.06791402032012663
input,bigram,4,1340,seen,f16-63,74658,2.035998874727082,0.4417283606611139,0.19242690998054182
input,bigram,4,1340,seen,f2-3,16563,2.0448813370073164,0.4462833848985939,0.10972669480549964
input,bigram,4,1340,seen,f256+,294237,2.7977713318946305,0.3198983997296484,0.17405129833765634
input,bigram,4,1340,seen,f4-7,20656,1.9691826492942306,0.4559541586533118,0.14359636843485282
input,bigram,4,1340,seen,f64-255,119379,2.3158564243330932,0.3929414126015118,0.20139387292602168
input,bigram,4,1340,seen,f8-15,26025,1.929577327415623,0.4646296218444131,0.17063761869068758
input,bigram,5,1680,novel,f0,25401,2.038701754896494,0.41155846193287615,0.00569907975030103
input,bigram,5,1680,novel,f1,0,0.0,0.0,0.0
input,bigram,5,1680,novel,f16-63,0,0.0,0.0,0.0
input,bigram,5,1680,novel,f2-3,0,0.0,0.0,0.0
input,bigram,5,1680,novel,f256+,0,0.0,0.0,0.0
input,bigram,5,1680,novel,f4-7,0,0.0,0.0,0.0
input,bigram,5,1680,novel,f64-255,0,0.0,0.0,0.0
input,bigram,5,1680,novel,f8-15,0,0.0,0.0,0.0
input,bigram,5,1680,seen,f0,0,0.0,0.0,0.0
input,bigram,5,1680,seen,f1,12905,1.9084476800886445,0.4449822137117132,0.06488181602040517
input,bigram,5,1680,seen,f16-63,74658,1.7744258689461256,0.4682891486997907,0.18962627421586303
input,bigram,5,1680,seen,f2-3,16563,1.7936344488339615,0.4684643120273983,0.10311635055721337
input,bigram,5,1680,seen,f256+,294237,2.5377413312140518,0.34373612461061026,0.1721182126148305
input,bigram,5,1680,seen,f4-7,20656,1.7377391771595625,0.47865018308650353,0.1397271413013994
input,bigram,5,1680,seen,f64-255,119379,2.025631603415228,0.4222692256336889,0.20013244057900387
input,bigram,5,1680,seen,f8-15,26025,1.6876129603202696,0.4873728825960677,0.1668845848287045
input,bigram,6,2020,novel,f0,25401,1.7390816589694145,0.4536579501680617,0.006973318319109103
input,bigram,6,2020,novel,f1,0,0.0,0.0,0.0
input,bigram,6,2020,novel,f16-63,0,0.0,0.0,0.0
input,bigram,6,2020,novel,f2-3,0,0.0,0.0,0.0
input,bigram,6,2020,novel,f256+,0,0.0,0.0,0.0
input,bigram,6,2020,novel,f4-7,0,0.0,0.0,0.0
input,bigram,6,2020,novel,f64-255,0,0.0,0.0,0.0
input,bigram,6,2020,novel,f8-15,0,0.0,0.0,0.0
input,bigram,6,2020,seen,f0,0,0.0,0.0,0.0
input,bigram,6,2020,seen,f1,12905,1.6365616950333823,0.4791035685022872,0.06562844579205304
input,bigram,6,2020,seen,f16-63,74658,1.4786521553728769,0.5083014032193945,0.19731279042170585
input,bigram,6,2020,seen,f2-3,16563,1.5312146455070048,0.5045981160391754,0.107132216322195
input,bigram,6,2020,seen,f256+,294237,2.0921136164999226,0.3992207062724851,0.18484253465263423
input,bigram,6,2020,seen,f4-7,20656,1.4849200032663572,0.5079840516423018,0.143389882200345
input,bigram,6,2020,seen,f64-255,119379,1.6649739480187384,0.4712374501334983,0.21033426342827835
input,bigram,6,2020,seen,f8-15,26025,1.4321978604438927,0.522692961288718,0.17395230203129308
input,bigram,7,2350,novel,f0,25401,1.656974859798693,0.4593834135351261,0.0063791850350825765
input,bigram,7,2350,novel,f1,0,0.0,0.0,0.0
input,bigram,7,2350,novel,f16-63,0,0.0,0.0,0.0
input,bigram,7,2350,novel,f2-3,0,0.0,0.0,0.0
input,bigram,7,2350,novel,f256+,0,0.0,0.0,0.0
input,bigram,7,2350,novel,f4-7,0,0.0,0.0,0.0
input,bigram,7,2350,novel,f64-255,0,0.0,0.0,0.0
input,bigram,7,2350,novel,f8-15,0,0.0,0.0,0.0
input,bigram,7,2350,seen,f0,0,0.0,0.0,0.0
input,bigram,7,2350,seen,f1,12905,1.5590299643457006,0.48659569856987495,0.06454112231218433
input,bigram,7,2350,seen,f16-63,74658,1.3771171981838237,0.5221686620222732,0.19665599785927176
input,bigram,7,2350,seen,f2-3,16563,1.4563205326336706,0.5112165748528281,0.1065109529409674
input,bigram,7,2350,seen,f256+,294237,1.9401141842914023,0.4161189553263076,0.18194158507032815
input,bigram,7,2350,seen,f4-7,20656,1.4182777525786618,0.5176354352522592,0.1418858271892009
input,bigram,7,2350,seen,f64-255,119379,1.5480058887498254,0.486824727891587,0.2092681124295236
input,bigram,7,2350,seen,f8-15,26025,1.3530329192748525,0.5312958498080114,0.17326690831974376
input,bigram,8,2690,novel,f0,25401,1.4592379682999366,0.4832775476272956,0.006937337127611709
input,bigram,8,2690,novel,f1,0,0.0,0.0,0.0
input,bigram,8,2690,novel,f16-63,0,0.0,0.0,0.0
input,bigram,8,2690,novel,f2-3,0,0.0,0.0,0.0
input,bigram,8,2690,novel,f256+,0,0.0,0.0,0.0
input,bigram,8,2690,novel,f4-7,0,0.0,0.0,0.0
input,bigram,8,2690,novel,f64-255,0,0.0,0.0,0.0
input,bigram,8,2690,novel,f8-15,0,0.0,0.0,0.0
input,bigram,8,2690,seen,f0,0,0.0,0.0,0.0
input,bigram,8,2690,seen,f1,12905,1.3766895860509365,0.5083579011873445,0.06428532014346608
input,bigram,8,2690,seen,f16-63,74658,1.217186494162425,0.545395833618286,0.19794455208494594
input,bigram,8,2690,seen,f2-3,16563,1.2892709637001276,0.5326879710496131,0.10360901443767123
input,bigram,8,2690,seen,f256+,294237,1.6859643799493533,0.45160360248677783,0.18457196449728747
input,bigram,8,2690,seen,f4-7,20656,1.254468929400394,0.5398373775260622,0.1416771363814994
input,bigram,8,2690,seen,f64-255,119379,1.3507629433491286,0.515118476210707,0.2112626692969049
input,bigram,8,2690,seen,f8-15,26025,1.185432797235966,0.5565275676930672,0.1735423446863541
input,bigram,9,3030,novel,f0,25401,1.331366188963689,0.5069160845379562,0.006982892083693321
input,bigram,9,3030,novel,f1,0,0.0,0.0,0.0
input,bigram,9,3030,novel,f16-63,0,0.0,0.0,0.0
input,bigram,9,3030,novel,f2-3,0,0.0,0.0,0.0
input,bigram,9,3030,novel,f256+,0,0.0,0.0,0.0
input,bigram,9,3030,novel,f4-7,0,0.0,0.0,0.0
input,bigram,9,3030,novel,f64-255,0,0.0,0.0,0.0
input,bigram,9,3030,novel,f8-15,0,0.0,0.0,0.0
input,bigram,9,3030,seen,f0,0,0.0,0.0,0.0
input,bigram,9,3030,seen,f1,12905,1.2548875298943396,0.5323269767026392,0.06527963553937928
input,bigram,9,3030,seen,f16-63,74658,1.092812052376465,0.5712169386237802,0.20094613545829207
input,bigram,9,3030,seen,f2-3,16563,1.1823718117818174,0.5510550845257634,0.10593562360223252
input,bigram,9,3030,seen,f256+,294237,1.4232060688213144,0.4965187138744633,0.1900611035308694
input,bigram,9,3030,seen,f4-7,20656,1.1473280565785227,0.5591774056620512,0.1420630673229003
input,bigram,9,3030,seen,f64-255,119379,1.1756394321339265,0.5495401001461048,0.21643757440937444
input,bigram,9,3030,seen,f8-15,26025,1.0798819195947753,0.5788156361145027,0.17593354467248504
input,bigram,10,3370,novel,f0,25401,1.272059088322623,0.5183481535102916,0.006179343930171449
input,bigram,10,3370,novel,f1,0,0.0,0.0,0.0
input,bigram,10,3370,novel,f16-63,0,0.0,0.0,0.0
input,bigram,10,3370,novel,f2-3,0,0.0,0.0,0.0
input,bigram,10,3370,novel,f256+,0,0.0,0.0,0.0
input,bigram,10,3370,novel,f4-7,0,0.0,0.0,0.0
input,bigram,10,3370,novel,f64-255,0,0.0,0.0,0.0
input,bigram,10,3370,novel,f8-15,0,0.0,0.0,0.0
input,bigram,10,3370,seen,f0,0,0.0,0.0,0.0
input,bigram,10,3370,seen,f1,12905,1.2070749643364866,0.5399039968166967,0.06454959927084893
input,bigram,10,3370,seen,f16-63,74658,1.0316662064150455,0.5836416122396373,0.20072213005765493
input,bigram,10,3370,seen,f2-3,16563,1.1397759001052479,0.5564192001068695,0.10401388507517968
input,bigram,10,3370,seen,f256+,294237,1.2584726341142942,0.5231346767399533,0.19037476617565144
input,bigram,10,3370,seen,f4-7,20656,1.0866550796443,0.5722475446357393,0.1405767600638566
input,bigram,10,3370,seen,f64-255,119379,1.080529739812042,0.5692015206447758,0.21663663153541246
input,bigram,10,3370,seen,f8-15,26025,1.0291333156824933,0.5871469889576909,0.17577069322860547
input,bigram,11,3700,novel,f0,25401,1.1336134659655237,0.5437509983089875,0.006750694078464982
input,bigram,11,3700,novel,f1,0,0.0,0.0,0.0
input,bigram,11,3700,novel,f16-63,0,0.0,0.0,0.0
input,bigram,11,3700,novel,f2-3,0,0.0,0.0,0.0
input,bigram,11,3700,novel,f256+,0,0.0,0.0,0.0
input,bigram,11,3700,novel,f4-7,0,0.0,0.0,0.0
input,bigram,11,3700,novel,f64-255,0,0.0,0.0,0.0
input,bigram,11,3700,novel,f8-15,0,0.0,0.0,0.0
input,bigram,11,3700,seen,f0,0,0.0,0.0,0.0
input,bigram,11,3700,seen,f1,12905,1.0779978205873504,0.5613850114420373,0.06482373006459156
input,bigram,11,3700,seen,f16-63,74658,0.9172746408660792,0.607732381651658,0.20513410988869765
input,bigram,11,3700,seen,f2-3,16563,1.0221909887872396,0.5792635631436766,0.10304089423259395
input,bigram,11,3700,seen,f256+,294237,1.0804732063282751,0.5591374683866258,0.1986715849313032
input,bigram,11,3700,seen,f4-7,20656,0.9822941153000001,0.5899809552969788,0.14367614454203947
input,bigram,11,3700,seen,f64-255,119379,0.9523366627206643,0.5952843935806851,0.22212730498837235
input,bigram,11,3700,seen,f8-15,26025,0.935998811689061,0.6049313270126708,0.17700251249212445
input,bigram,12,4040,novel,f0,25401,1.1286951223108133,0.5448741886610332,0.006568597644496517
input,bigram,12,4040,novel,f1,0,0.0,0.0,0.0
input,bigram,12,4040,novel,f16-63,0,0.0,0.0,0.0
input,bigram,12,4040,novel,f2-3,0,0.0,0.0,0.0
input,bigram,12,4040,novel,f256+,0,0.0,0.0,0.0
input,bigram,12,4040,novel,f4-7,0,0.0,0.0,0.0
input,bigram,12,4040,novel,f64-255,0,0.0,0.0,0.0
input,bigram,12,4040,novel,f8-15,0,0.0,0.0,0.0
input,bigram,12,4040,seen,f0,0,0.0,0.0,0.0
input,bigram,12,4040,seen,f1,12905,1.0752782949975277,0.5623967716631294,0.06658976559954112
input,bigram,12,4040,seen,f16-63,74658,0.899375349833915,0.6139714467554802,0.20612274314509713
input,bigram,12,4040,seen,f2-3,16563,1.015013502635787,0.5826790351426264,0.10672947563119368
input,bigram,12,4040,seen,f256+,294237,1.0351982685041992,0.5689288099224297,0.19857678185372513
input,bigram,12,4040,seen,f4-7,20656,0.9739395298533307,0.5926879932750435,0.1453327729180933
input,bigram,12,4040,seen,f64-255,119379,0.9260865695584112,0.6025499911111216,0.22308181290713247
input,bigram,12,4040,seen,f8-15,26025,0.9175070583666431,0.6104351635331665,0.17958357590410168
input,bigram,13,4380,novel,f0,25401,1.1147767515962677,0.5469737351767863,0.006643164888367747
input,bigram,13,4380,novel,f1,0,0.0,0.0,0.0
input,bigram,13,4380,novel,f16-63,0,0.0,0.0,0.0
input,bigram,13,4380,novel,f2-3,0,0.0,0.0,0.0
input,bigram,13,4380,novel,f256+,0,0.0,0.0,0.0
input,bigram,13,4380,novel,f4-7,0,0.0,0.0,0.0
input,bigram,13,4380,novel,f64-255,0,0.0,0.0,0.0
input,bigram,13,4380,novel,f8-15,0,0.0,0.0,0.0
input,bigram,13,4380,seen,f0,0,0.0,0.0,0.0
input,bigram,13,4380,seen,f1,12905,1.0574321159035278,0.5661252660117538,0.06507325339561554
input,bigram,13,4380,seen,f16-63,74658,0.9023990025748257,0.6117013012680239,0.20280124576472047
input,bigram,13,4380,seen,f2-3,16563,1.0076870795913748,0.5808119118181715,0.10392215639133273
input,bigram,13,4380,seen,f256+,294237,1.026559689689388,0.5697629407791278,0.19137927039605956
input,bigram,13,4380,seen,f4-7,20656,0.9700393113097125,0.593197026686046,0.14412028631939217
input,bigram,13,4380,seen,f64-255,119379,0.9243764425764773,0.6031916802299911,0.2186437649030231
input,bigram,13,4380,seen,f8-15,26025,0.916831223968312,0.6098517065358551,0.17583501944548163
input,bigram,14,4710,novel,f0,25401,1.0569980555384613,0.5570192817086888,0.006113734322378276
input,bigram,14,4710,novel,f1,0,0.0,0.0,0.0
input,bigram,14,4710,novel,f16-63,0,0.0,0.0,0.0
input,bigram,14,4710,novel,f2-3,0,0.0,0.0,0.0
input,bigram,14,4710,novel,f256+,0,0.0,0.0,0.0
input,bigram,14,4710,novel,f4-7,0,0.0,0.0,0.0
input,bigram,14,4710,novel,f64-255,0,0.0,0.0,0.0
input,bigram,14,4710,novel,f8-15,0,0.0,0.0,0.0
input,bigram,14,4710,seen,f0,0,0.0,0.0,0.0
input,bigram,14,4710,seen,f1,12905,1.004670954343305,0.5770207703471507,0.06335765005706663
input,bigram,14,4710,seen,f16-63,74658,0.8523933095983223,0.6240289295982158,0.20107210572111842
input,bigram,14,4710,seen,f2-3,16563,0.9485680696794923,0.5966592545051552,0.10097089142331973
input,bigram,14,4710,seen,f256+,294237,0.9636234251401057,0.5852684032852055,0.19229967611277393
input,bigram,14,4710,seen,f4-7,20656,0.9056620423314732,0.61006878563661,0.14238143788174468
input,bigram,14,4710,seen,f64-255,119379,0.8787079832326593,0.6138026596747651,0.21597349626819914
input,bigram,14,4710,seen,f8-15,26025,0.8724789539523705,0.6203921225772926,0.17385608826050605
input,bigram,15,5050,novel,f0,25401,1.022353084276196,0.5656653982724835,0.0058460429823516185
input,bigram,15,5050,novel,f1,0,0.0,0.0,0.0
input,bigram,15,5050,novel,f16-63,0,0.0,0.0,0.0
input,bigram,15,5050,novel,f2-3,0,0.0,0.0,0.0
input,bigram,15,5050,novel,f256+,0,0.0,0.0,0.0
input,bigram,15,5050,novel,f4-7,0,0.0,0.0,0.0
input,bigram,15,5050,novel,f64-255,0,0.0,0.0,0.0
input,bigram,15,5050,novel,f8-15,0,0.0,0.0,0.0
input,bigram,15,5050,seen,f0,0,0.0,0.0,0.0
input,bigram,15,5050,seen,f1,12905,0.9673141154223405,0.5835503524955231,0.06425793255288645
input,bigram,15,5050,seen,f16-63,74658,0.8208488999851296,0.6315744474693187,0.202011350550884
input,bigram,15,5050,seen,f2-3,16563,0.9123638198811931,0.6027946206229069,0.10072827550561618
input,bigram,15,5050,seen,f256+,294237,0.9259492777641556,0.594297597366223,0.19312686693541742
input,bigram,15,5050,seen,f4-7,20656,0.8877060745078962,0.6116870500659173,0.1436611291163056
input,bigram,15,5050,seen,f64-255,119379,0.839136187554791,0.6232394364516372,0.21788331494028956
input,bigram,15,5050,seen,f8-15,26025,0.8405693164490194,0.6272542878281142,0.1738950015273491
input,bigram,16,5390,novel,f0,25401,0.9545592455894725,0.5824574538378644,0.007964547233313862
input,bigram,16,5390,novel,f1,0,0.0,0.0,0.0
input,bigram,16,5390,novel,f16-63,0,0.0,0.0,0.0
input,bigram,16,5390,novel,f2-3,0,0.0,0.0,0.0
input,bigram,16,5390,novel,f256+,0,0.0,0.0,0.0
input,bigram,16,5390,novel,f4-7,0,0.0,0.0,0.0
input,bigram,16,5390,novel,f64-255,0,0.0,0.0,0.0
input,bigram,16,5390,novel,f8-15,0,0.0,0.0,0.0
input,bigram,16,5390,seen,f0,0,0.0,0.0,0.0
input,bigram,16,5390,seen,f1,12905,0.9123037463179697,0.5960591858929093,0.06503651564266555
input,bigram,16,5390,seen,f16-63,74658,0.7581322234934997,0.6479158853268402,0.20915220058313258
input,bigram,16,5390,seen,f2-3,16563,0.8580956713174165,0.6162969658479309,0.10144739506973917
input,bigram,16,5390,seen,f256+,294237,0.8563307509850892,0.6120418363198664,0.20016904719675713
input,bigram,16,5390,seen,f4-7,20656,0.8312501485410402,0.6231878115754073,0.14610174682037236
input,bigram,16,5390,seen,f64-255,119379,0.7757154828309466,0.6400613084603411,0.22519578820862182
input,bigram,16,5390,seen,f8-15,26025,0.7753922398545452,0.6429391086064314,0.1805697202999176
input,bigram,17,5720,novel,f0,25401,0.9345457565507088,0.5849720849028783,0.008067764575261833
input,bigram,17,5720,novel,f1,0,0.0,0.0,0.0
input,bigram,17,5720,novel,f16-63,0,0.0,0.0,0.0
input,bigram,17,5720,novel,f2-3,0,0.0,0.0,0.0
input,bigram,17,5720,novel,f256+,0,0.0,0.0,0.0
input,bigram,17,5720,novel,f4-7,0,0.0,0.0,0.0
input,bigram,17,5720,novel,f64-255,0,0.0,0.0,0.0
input,bigram,17,5720,novel,f8-15,0,0.0,0.0,0.0
input,bigram,17,5720,seen,f0,0,0.0,0.0,0.0
input,bigram,17,5720,seen,f1,12905,0.8945031063653542,0.5989482632669678,0.06149277603284406
input,bigram,17,5720,seen,f16-63,74658,0.7510504012369987,0.6496736832159561,0.20504119257203918
input,bigram,17,5720,seen,f2-3,16563,0.8491122193846298,0.6162691749783052,0.09996511992265388
input,bigram,17,5720,seen,f256+,294237,0.8377593586825139,0.6164488745452558,0.19685427783772544
input,bigram,17,5720,seen,f4-7,20656,0.8132887476061285,0.6288238113149452,0.1388368307405985
input,bigram,17,5720,seen,f64-255,119379,0.7655145960135105,0.6419326909946673,0.22148308606953176
input,bigram,17,5720,seen,f8-15,26025,0.7740695752282101,0.6408497664544242,0.17839310174558715
input,bigram,18,6060,novel,f0,25401,0.9139761049997722,0.5907317126652822,0.008213534531569006
input,bigram,18,6060,novel,f1,0,0.0,0.0,0.0
input,bigram,18,6060,novel,f16-63,0,0.0,0.0,0.0
input,bigram,18,6060,novel,f2-3,0,0.0,0.0,0.0
input,bigram,18,6060,novel,f256+,0,0.0,0.0,0.0
input,bigram,18,6060,novel,f4-7,0,0.0,0.0,0.0
input,bigram,18,6060,novel,f64-255,0,0.0,0.0,0.0
input,bigram,18,6060,novel,f8-15,0,0.0,0.0,0.0
input,bigram,18,6060,seen,f0,0,0.0,0.0,0.0
input,bigram,18,6060,seen,f1,12905,0.8658492220830054,0.6068734452936687,0.05991373409755251
input,bigram,18,6060,seen,f16-63,74658,0.7338315723185648,0.6530638138262556,0.20335338839639605
input,bigram,18,6060,seen,f2-3,16563,0.8345845115144955,0.6200161175258615,0.09746883468027885
input,bigram,18,6060,seen,f256+,294237,0.815695543279226,0.6231553458540606,0.19729057174653264
input,bigram,18,6060,seen,f4-7,20656,0.8028489935087376,0.6274956543071414,0.13669641642522543
input,bigram,18,6060,seen,f64-255,119379,0.7467793190010131,0.6475023477285977,0.22106286205182946
input,bigram,18,6060,seen,f8-15,26025,0.7564882939444526,0.6459339470810666,0.1760324908095573
input,bigram,19,6400,novel,f0,25401,0.9124858414341133,0.5897871161995147,0.007802273782432431
input,bigram,19,6400,novel,f1,0,0.0,0.0,0.0
input,bigram,19,6400,novel,f16-63,0,0.0,0.0,0.0
input,bigram,19,6400,novel,f2-3,0,0.0,0.0,0.0
input,bigram,19,6400,novel,f256+,0,0.0,0.0,0.0
input,bigram,19,6400,novel,f4-7,0,0.0,0.0,0.0
input,bigram,19,6400,novel,f64-255,0,0.0,0.0,0.0
input,bigram,19,6400,novel,f8-15,0,0.0,0.0,0.0
input,bigram,19,6400,seen,f0,0,0.0,0.0,0.0
input,bigram,19,6400,seen,f1,12905,0.8614646587651701,0.6088987456146067,0.06179329698171912
input,bigram,19,6400,seen,f16-63,74658,0.7297813329375034,0.6556329652985395,0.2026298678361393
input,bigram,19,6400,seen,f2-3,16563,0.8242272869406434,0.6257753467008139,0.09892664063755752
input,bigram,19,6400,seen,f256+,294237,0.7991868544691233,0.6285311064279023,0.19734118946422163
input,bigram,19,6400,seen,f4-7,20656,0.7987513645840563,0.6322988225028098,0.13979062269211842
input,bigram,19,6400,seen,f64-255,119379,0.7337404430798129,0.6520892446651516,0.222171692773395
input,bigram,19,6400,seen,f8-15,26025,0.7511330688826324,0.6501383060371498,0.17649992411919274
input,bigram,20,6740,novel,f0,25401,0.909295487389682,0.5919192652172762,0.006340584690435831
input,bigram,20,6740,novel,f1,0,0.0,0.0,0.0
input,bigram,20,6740,novel,f16-63,0,0.0,0.0,0.0
input,bigram,20,6740,novel,f2-3,0,0.0,0.0,0.0
input,bigram,20,6740,novel,f256+,0,0.0,0.0,0.0
input,bigram,20,6740,novel,f4-7,0,0.0,0.0,0.0
input,bigram,20,6740,novel,f64-255,0,0.0,0.0,0.0
input,bigram,20,6740,novel,f8-15,0,0.0,0.0,0.0
input,bigram,20,6740,seen,f0,0,0.0,0.0,0.0
input,bigram,20,6740,seen,f1,12905,0.8493730249089485,0.6130063827551182,0.06402818520996653
input,bigram,20,6740,seen,f16-63,74658,0.7127063345681026,0.6591369198383884,0.20848941984200878
input,bigram,20,6740,seen,f2-3,16563,0.8043537693751807,0.6319501071539484,0.1030175561380341
input,bigram,20,6740,seen,f256+,294237,0.7719506356516216,0.6356306381116892,0.20112287656515268
input,bigram,20,6740,seen,f4-7,20656,0.7865168456820777,0.6362594848619175,0.14327394057724724
input,bigram,20,6740,seen,f64-255,119379,0.7136673346913605,0.6569113418391739,0.22483234865315824
input,bigram,20,6740,seen,f8-15,26025,0.7450427382794504,0.6493479702620982,0.1799659491600047
input,trigram,1,330,novel,f0,184590,5.383860271412597,0.12277857687388766,0.07219420313840877
input,trigram,1,330,novel,f1,0,0.0,0.0,0.0
input,trigram,1,330,novel,f16-63,0,0.0,0.0,0.0
input,trigram,1,330,novel,f2-3,0,0.0,0.0,0.0
input,trigram,1,330,novel,f256+,0,0.0,0.0,0.0
input,trigram,1,330,novel,f4-7,0,0.0,0.0,0.0
input,trigram,1,330,novel,f64-255,0,0.0,0.0,0.0
input,trigram,1,330,novel,f8-15,0,0.0,0.0,0.0
input,trigram,1,330,seen,f0,0,0.0,0.0,0.0
input,trigram,1,330,seen,f1,49598,5.119066581019541,0.14459543506433437,0.10406406330874352
input,trigram,1,330,seen,f16-63,91057,4.45873106696218,0.212136202495461,0.16704638367712643
input,trigram,1,330,seen,f2-3,49885,4.9329915235698945,0.16704975925154453,0.12774966716603706
input,trigram,1,330,seen,f256+,51298,4.438554643836677,0.1822161226468503,0.1521155741504966
input,trigram,1,330,seen,f4-7,49336,4.759047569859866,0.18801706490226638,0.1463851636274993
input,trigram,1,330,seen,f64-255,65211,4.405794077343229,0.2056216666510871,0.16495084950272718
input,trigram,1,330,seen,f8-15,48849,4.567996855482525,0.20866636922428364,0.16343076929265637
input,trigram,2,670,novel,f0,184590,4.080669214702929,0.20156570340897395,0.09024657974497613
input,trigram,2,670,novel,f1,0,0.0,0.0,0.0
input,trigram,2,670,novel,f16-63,0,0.0,0.0,0.0
input,trigram,2,670,novel,f2-3,0,0.0,0.0,0.0
input,trigram,2,670,novel,f256+,0,0.0,0.0,0.0
input,trigram,2,670,novel,f4-7,0,0.0,0.0,0.0
input,trigram,2,670,novel,f64-255,0,0.0,0.0,0.0
input,trigram,2,670,novel,f8-15,0,0.0,0.0,0.0
input,trigram,2,670,seen,f0,0,0.0,0.0,0.0
input,trigram,2,670,seen,f1,49598,3.708846548518679,0.26231932743482944,0.15462622506749327
input,trigram,2,670,seen,f16-63,91057,3.5314563380427444,0.2627738879603916,0.19083259106979078
input,trigram,2,670,seen,f2-3,49885,3.5507600022307013,0.28576013715225496,0.1767851687750427
input,trigram,2,670,seen,f256+,51298,3.846962852729781,0.20989711893665552,0.173016789538435
input,trigram,2,670,seen,f4-7,49336,3.4711960771687402,0.29113763454506114,0.18691738858775686
input,trigram,2,670,seen,f64-255,65211,3.667102801334323,0.23727732633552048,0.1859725661838676
input,trigram,2,670,seen,f8-15,48849,3.4418912062895375,0.2892897152945797,0.19553016431621073
input,trigram,3,1010,novel,f0,184590,3.1001028131263144,0.2782685800139772,0.09619669252222268
input,trigram,3,1010,novel,f1,0,0.0,0.0,0.0
input,trigram,3,1010,novel,f16-63,0,0.0,0.0,0.0
input,trigram,3,1010,novel,f2-3,0,0.0,0.0,0.0
input,trigram,3,1010,novel,f256+,0,0.0,0.0,0.0
input,trigram,3,1010,novel,f4-7,0,0.0,0.0,0.0
input,trigram,3,1010,novel,f64-255,0,0.0,0.0,0.0
input,trigram,3,1010,novel,f8-15,0,0.0,0.0,0.0
input,trigram,3,1010,seen,f0,0,0.0,0.0,0.0
input,trigram,3,1010,seen,f1,49598,2.645291312839154,0.3837127288288356,0.17538404679798766
input,trigram,3,1010,seen,f16-63,91057,2.975545310231337,0.30743817194342393,0.20015838963904525
input,trigram,3,1010,seen,f2-3,49885,2.5374035626532017,0.40121576352086197,0.1923701784956347
input,trigram,3,1010,seen,f256+,51298,3.700961784344801,0.21922401377170248,0.17873328609272096
input,trigram,3,1010,seen,f4-7,49336,2.5520571678368373,0.39047223766111905,0.19949694237283516
input,trigram,3,1010,seen,f64-255,65211,3.3389356909354997,0.2609864246256486,0.19385800923364355
input,trigram,3,1010,seen,f8-15,48849,2.664613699825456,0.36539829831946585,0.2060963661027889
input,trigram,4,1340,novel,f0,184590,2.530171045627225,0.34500513129385124,0.10023104928077778
input,trigram,4,1340,novel,f1,0,0.0,0.0,0.0
input,trigram,4,1340,novel,f16-63,0,0.0,0.0,0.0
input,trigram,4,1340,novel,f2-3,0,0.0,0.0,0.0
input,trigram,4,1340,novel,f256+,0,0.0,0.0,0.0
input,trigram,4,1340,novel,f4-7,0,0.0,0.0,0.0
input,trigram,4,1340,novel,f64-255,0,0.0,0.0,0.0
input,trigram,4,1340,novel,f8-15,0,0.0,0.0,0.0
input,trigram,4,1340,seen,f0,0,0.0,0.0,0.0
input,trigram,4,1340,seen,f1,49598,2.068600333734949,0.45902550419158383,0.1837899563046043
input,trigram,4,1340,seen,f16-63,91057,2.485042553435045,0.3554413944999885,0.20771789911804756
input,trigram,4,1340,seen,f2-3,49885,1.9381136621252886,0.4804669009240629,0.20075714797966854
input,trigram,4,1340,seen,f256+,51298,3.4546230141382055,0.24095427076064266,0.18750292485478776
input,trigram,4,1340,seen,f4-7,49336,1.9552102578984676,0.4637153786729788,0.2065105785646708
input,trigram,4,1340,seen,f64-255,65211,3.001487684432897,0.29031063066359736,0.2014868841531425
input,trigram,4,1340,seen,f8-15,48849,2.081900979463519,0.43148179098703077,0.21255485472206448
input,trigram,5,1680,novel,f0,184590,2.201191643691,0.37928213577679604,0.09762614136568509
input,trigram,5,1680,novel,f1,0,0.0,0.0,0.0
input,trigram,5,1680,novel,f16-63,0,0.0,0.0,0.0
input,trigram,5,1680,novel,f2-3,0,0.0,0.0,0.0
input,trigram,5,1680,novel,f256+,0,0.0,0.0,0.0
input,trigram,5,1680,novel,f4-7,0,0.0,0.0,0.0
input,trigram,5,1680,novel,f64-255,0,0.0,0.0,0.0
input,trigram,5,1680,novel,f8-15,0,0.0,0.0,0.0
input,trigram,5,1680,seen,f0,0,0.0,0.0,0.0
input,trigram,5,1680,seen,f1,49598,1.7822124161538873,0.4879937411744369,0.181561414229821
input,trigram,5,1680,seen,f16-63,91057,2.2076433089421768,0.37951017132345943,0.20617718827268094
input,trigram,5,1680,seen,f2-3,49885,1.6637306178181828,0.5069305980235481,0.1979994028728366
input,trigram,5,1680,seen,f256+,51298,3.411078364345201,0.2391868122369722,0.18417358638767406
input,trigram,5,1680,seen,f4-7,49336,1.6563135220950636,0.49658658717515364,0.20443877208557856
input,trigram,5,1680,seen,f64-255,65211,2.833827680094076,0.2989168551191311,0.20030297075928966
input,trigram,5,1680,seen,f8-15,48849,1.7749378532898916,0.4650141761351615,0.2116476311133248
input,trigram,6,2020,novel,f0,184590,1.8418457903945344,0.42818529198410465,0.1036097854861182
input,trigram,6,2020,novel,f1,0,0.0,0.0,0.0
input,trigram,6,2020,novel,f16-63,0,0.0,0.0,0.0
input,trigram,6,2020,novel,f2-3,0,0.0,0.0,0.0
input,trigram,6,2020,novel,f256+,0,0.0,0.0,0.0
input,trigram,6,2020,novel,f4-7,0,0.0,0.0,0.0
input,trigram,6,2020,novel,f64-255,0,0.0,0.0,0.0
input,trigram,6,2020,novel,f8-15,0,0.0,0.0,0.0
input,trigram,6,2020,seen,f0,0,0.0,0.0,0.0
input,trigram,6,2020,seen,f1,49598,1.4789499881306607,0.5276709579743568,0.188591848899097
input,trigram,6,2020,seen,f16-63,91057,1.7744719651628864,0.4362246939741407,0.2190091381480841
input,trigram,6,2020,seen,f2-3,49885,1.3726611536158417,0.5453943863216856,0.20604755307997147
input,trigram,6,2020,seen,f256+,51298,2.9387156969795676,0.2917959615697119,0.20149722575345735
input,trigram,6,2020,seen,f4-7,49336,1.3470414439710088,0.538050872530661,0.21432974481051761
input,trigram,6,2020,seen,f64-255,65211,2.3465832127964963,0.35547593559201074,0.21633436771633746
input,trigram,6,2020,seen,f8-15,48849,1.4270731227683036,0.5117148117466627,0.2210359883550858
input,trigram,7,2350,novel,f0,184590,1.7027833324560855,0.4456968613945501,0.10307264406890743
input,trigram,7,2350,novel,f1,0,0.0,0.0,0.0
input,trigram,7,2350,novel,f16-63,0,0.0,0.0,0.0
input,trigram,7,2350,novel,f2-3,0,0.0,0.0,0.0
input,trigram,7,2350,novel,f256+,0,0.0,0.0,0.0
input,trigram,7,2350,novel,f4-7,0,0.0,0.0,0.0
input,trigram,7,2350,novel,f64-255,0,0.0,0.0,0.0
input,trigram,7,2350,novel,f8-15,0,0.0,0.0,0.0
input,trigram,7,2350,seen,f0,0,0.0,0.0,0.0
input,trigram,7,2350,seen,f1,49598,1.369827826665864,0.5425654859988295,0.1871558668198904
input,trigram,7,2350,seen,f16-63,91057,1.61718051713884,0.456823407656564,0.21714565098559593
input,trigram,7,2350,seen,f2-3,49885,1.2761170012277148,0.5561283772328316,0.20576633802554245
input,trigram,7,2350,seen,f256+,51298,2.858965768411025,0.2935851766483351,0.19410129911131802
input,trigram,7,2350,seen,f4-7,49336,1.249487609178075,0.550400752665533,0.21532167752525377
input,trigram,7,2350,seen,f64-255,65211,2.2108553460208964,0.3668193135246765,0.20919827301007105
input,trigram,7,2350,seen,f8-15,48849,1.30309972775962,0.5285025289940987,0.22168490017988363
input,trigram,8,2690,novel,f0,184590,1.4829916030116765,0.47635341449783725,0.10346950119255936
input,trigram,8,2690,novel,f1,0,0.0,0.0,0.0
input,trigram,8,2690,novel,f16-63,0,0.0,0.0,0.0
input,trigram,8,2690,novel,f2-3,0,0.0,0.0,0.0
input,trigram,8,2690,novel,f256+,0,0.0,0.0,0.0
input,trigram,8,2690,novel,f4-7,0,0.0,0.0,0.0
input,trigram,8,2690,novel,f64-255,0,0.0,0.0,0.0
input,trigram,8,2690,novel,f8-15,0,0.0,0.0,0.0
input,trigram,8,2690,seen,f0,0,0.0,0.0,0.0
input,trigram,8,2690,seen,f1,49598,1.1920053019992376,0.5666290988597411,0.18865322909094748
input,trigram,8,2690,seen,f16-63,91057,1.4037975633700805,0.4910403972180223,0.2195875047582463
input,trigram,8,2690,seen,f2-3,49885,1.1312190732196024,0.573761042944771,0.20703726825382587
input,trigram,8,2690,seen,f256+,51298,2.5209017762331407,0.33018088095074793,0.1968275079989246
input,trigram,8,2690,seen,f4-7,49336,1.1024261593536413,0.5731300671660942,0.21646021820692843
input,trigram,8,2690,seen,f64-255,65211,1.908138069851554,0.4072121770556077,0.21298782635379304
input,trigram,8,2690,seen,f8-15,48849,1.1440797410941936,0.5577951295184982,0.2257284282895659
input,trigram,9,3030,novel,f0,184590,1.3384302878324656,0.5045063452301611,0.10545145634794742
input,trigram,9,3030,novel,f1,0,0.0,0.0,0.0
input,trigram,9,3030,novel,f16-63,0,0.0,0.0,0.0
input,trigram,9,3030,novel,f2-3,0,0.0,0.0,0.0
input,trigram,9,3030,novel,f256+,0,0.0,0.0,0.0
input,trigram,9,3030,novel,f4-7,0,0.0,0.0,0.0
input,trigram,9,3030,novel,f64-255,0,0.0,0.0,0.0
input,trigram,9,3030,novel,f8-15,0,0.0,0.0,0.0
input,trigram,9,3030,seen,f0,0,0.0,0.0,0.0
input,trigram,9,3030,seen,f1,49598,1.0732778342367224,0.5874418535271037,0.19147740863270857
input,trigram,9,3030,seen,f16-63,91057,1.1990940056726471,0.5337111459969519,0.22612374877091293
input,trigram,9,3030,seen,f2-3,49885,1.0116966515078658,0.6000727211520893,0.20971609652666254
input,trigram,9,3030,seen,f256+,51298,2.0103628914998475,0.3991527718511206,0.20610173683580654
input,trigram,9,3030,seen,f4-7,49336,0.9887953043064274,0.5965651443867079,0.21988045521064334
input,trigram,9,3030,seen,f64-255,65211,1.5425005170763646,0.4681457144131945,0.22124410262030805
input,trigram,9,3030,seen,f8-15,48849,1.016322722055535,0.5854573614169946,0.22904651208475582
input,trigram,10,3370,novel,f0,184590,1.2670789338784811,0.5164271987499572,0.10472998059006385
input,trigram,10,3370,novel,f1,0,0.0,0.0,0.0
input,trigram,10,3370,novel,f16-63,0,0.0,0.0,0.0
input,trigram,10,3370,novel,f2-3,0,0.0,0.0,0.0
input,trigram,10,3370,novel,f256+,0,0.0,0.0,0.0
input,trigram,10,3370,novel,f4-7,0,0.0,0.0,0.0
input,trigram,10,3370,novel,f64-255,0,0.0,0.0,0.0
input,trigram,10,3370,novel,f8-15,0,0.0,0.0,0.0
input,trigram,10,3370,seen,f0,0,0.0,0.0,0.0
input,trigram,10,3370,seen,f1,49598,1.0096698828303297,0.6005408983787887,0.18992492805420325
input,trigram,10,3370,seen,f16-63,91057,1.0835484418142203,0.5570234225033291,0.2275873376511532
input,trigram,10,3370,seen,f2-3,49885,0.9523202609215504,0.6108440752001998,0.20944963897934446
input,trigram,10,3370,seen,f256+,51298,1.6251874157326103,0.45262677027017506,0.20823202359845167
input,trigram,10,3370,seen,f4-7,49336,0.9260606798796308,0.6124036572217045,0.21864310935768547
input,trigram,10,3370,seen,f64-255,65211,1.3336540418245948,0.5042697230947184,0.22245740096696914
input,trigram,10,3370,seen,f8-15,48849,0.9444461891970924,0.5993684769547968,0.2283417819920725
input,trigram,11,3700,novel,f0,184590,1.1292343983051627,0.5430698697386056,0.10744623726192884
input,trigram,11,3700,novel,f1,0,0.0,0.0,0.0
input,trigram,11,3700,novel,f16-63,0,0.0,0.0,0.0
input,trigram,11,3700,novel,f2-3,0,0.0,0.0,0.0
input,trigram,11,3700,novel,f256+,0,0.0,0.0,0.0
input,trigram,11,3700,novel,f4-7,0,0.0,0.0,0.0
input,trigram,11,3700,novel,f64-255,0,0.0,0.0,0.0
input,trigram,11,3700,novel,f8-15,0,0.0,0.0,0.0
input,trigram,11,3700,seen,f0,0,0.0,0.0,0.0
input,trigram,11,3700,seen,f1,49598,0.9021633967390651,0.6206558906001568,0.19337193543733242
input,trigram,11,3700,seen,f16-63,91057,0.9405711616249676,0.5909315719645368,0.235936455936079
input,trigram,11,3700,seen,f2-3,49885,0.8423308273769259,0.6348063084838015,0.21291873963940053
input,trigram,11,3700,seen,f256+,51298,1.3238240050382595,0.504105880474675,0.21850009688211774
input,trigram,11,3700,seen,f4-7,49336,0.8318577456485133,0.6303315690906759,0.22459829575410917
input,trigram,11,3700,seen,f64-255,65211,1.1273046225220127,0.5456159210005043,0.23317585578516115
input,trigram,11,3700,seen,f8-15,48849,0.8404243277543639,0.6242531473260714,0.2365087355943646
input,trigram,12,4040,novel,f0,184590,1.105152638601156,0.5490162596638309,0.10815571627001103
input,trigram,12,4040,novel,f1,0,0.0,0.0,0.0
input,trigram,12,4040,novel,f16-63,0,0.0,0.0,0.0
input,trigram,12,4040,novel,f2-3,0,0.0,0.0,0.0
input,trigram,12,4040,novel,f256+,0,0.0,0.0,0.0
input,trigram,12,4040,novel,f4-7,0,0.0,0.0,0.0
input,trigram,12,4040,novel,f64-255,0,0.0,0.0,0.0
input,trigram,12,4040,novel,f8-15,0,0.0,0.0,0.0
input,trigram,12,4040,seen,f0,0,0.0,0.0,0.0
input,trigram,12,4040,seen,f1,49598,0.8766659783875647,0.6280885044123452,0.19535704145016788
input,trigram,12,4040,seen,f16-63,91057,0.9135027924901624,0.5984810502626913,0.23657302152496798
input,trigram,12,4040,seen,f2-3,49885,0.8254986122615063,0.6389244316894234,0.21545337700271117
input,trigram,12,4040,seen,f256+,51298,1.2355433166766199,0.5192604397784018,0.21710916098324484
input,trigram,12,4040,seen,f4-7,49336,0.8135005487229757,0.6359964779889093,0.22638253517646206
input,trigram,12,4040,seen,f64-255,65211,1.0791777870794983,0.5577318639237708,0.23230381092929026
input,trigram,12,4040,seen,f8-15,48849,0.8171419833124937,0.6305033173972224,0.2358307582769582
input,trigram,13,4380,novel,f0,184590,1.0931298615774414,0.5501788279527516,0.10520239519424276
input,trigram,13,4380,novel,f1,0,0.0,0.0,0.0
input,trigram,13,4380,novel,f16-63,0,0.0,0.0,0.0
input,trigram,13,4380,novel,f2-3,0,0.0,0.0,0.0
input,trigram,13,4380,novel,f256+,0,0.0,0.0,0.0
input,trigram,13,4380,novel,f4-7,0,0.0,0.0,0.0
input,trigram,13,4380,novel,f64-255,0,0.0,0.0,0.0
input,trigram,13,4380,novel,f8-15,0,0.0,0.0,0.0
input,trigram,13,4380,seen,f0,0,0.0,0.0,0.0
input,trigram,13,4380,seen,f1,49598,0.8734876086372764,0.6266675729680401,0.19134204626254073
input,trigram,13,4380,seen,f16-63,91057,0.9175681766164516,0.5974087488149519,0.2296850727314707
input,trigram,13,4380,seen,f2-3,49885,0.8289699077811044,0.6367014806639596,0.21054083019795936
input,trigram,13,4380,seen,f256+,51298,1.2048151596288275,0.526580272631528,0.21046204859711973
input,trigram,13,4380,seen,f4-7,49336,0.8130528939822596,0.6366855784262181,0.22160732731908284
input,trigram,13,4380,seen,f64-255,65211,1.0744465417465663,0.5571808079598225,0.2230569188957827
input,trigram,13,4380,seen,f8-15,48849,0.8256772295976939,0.6286457075161968,0.22997156398177435
input,trigram,14,4710,novel,f0,184590,1.0314031188408932,0.5643069867248116,0.10443817998959279
input,trigram,14,4710,novel,f1,0,0.0,0.0,0.0
input,trigram,14,4710,novel,f16-63,0,0.0,0.0,0.0
input,trigram,14,4710,novel,f2-3,0,0.0,0.0,0.0
input,trigram,14,4710,novel,f256+,0,0.0,0.0,0.0
input,trigram,14,4710,novel,f4-7,0,0.0,0.0,0.0
input,trigram,14,4710,novel,f64-255,0,0.0,0.0,0.0
input,trigram,14,4710,novel,f8-15,0,0.0,0.0,0.0
input,trigram,14,4710,seen,f0,0,0.0,0.0,0.0
input,trigram,14,4710,seen,f1,49598,0.8325596427133494,0.6361158231634646,0.1886376689650085
input,trigram,14,4710,seen,f16-63,91057,0.8696573203806,0.6095592545744457,0.2281583115623848
input,trigram,14,4710,seen,f2-3,49885,0.7924153159819401,0.6456498749175542,0.20815382885837547
input,trigram,14,4710,seen,f256+,51298,1.096317909707211,0.5534476023066429,0.2161718835996855
input,trigram,14,4710,seen,f4-7,49336,0.7795356017570902,0.643513378187223,0.21868926722197674
input,trigram,14,4710,seen,f64-255,65211,1.007859379568374,0.5738695868801974,0.2247898092880819
input,trigram,14,4710,seen,f8-15,48849,0.7817998896526427,0.6408821162560945,0.22838330299811044
input,trigram,15,5050,novel,f0,184590,0.997326974515528,0.5711048821087141,0.1045900893615193
input,trigram,15,5050,novel,f1,0,0.0,0.0,0.0
input,trigram,15,5050,novel,f16-63,0,0.0,0.0,0.0
input,trigram,15,5050,novel,f2-3,0,0.0,0.0,0.0
input,trigram,15,5050,novel,f256+,0,0.0,0.0,0.0
input,trigram,15,5050,novel,f4-7,0,0.0,0.0,0.0
input,trigram,15,5050,novel,f64-255,0,0.0,0.0,0.0
input,trigram,15,5050,novel,f8-15,0,0.0,0.0,0.0
input,trigram,15,5050,seen,f0,0,0.0,0.0,0.0
input,trigram,15,5050,seen,f1,49598,0.8015936328317372,0.6437888944293138,0.18967898217720663
input,trigram,15,5050,seen,f16-63,91057,0.8306966516609325,0.6203037065841455,0.22949301188409105
input,trigram,15,5050,seen,f2-3,49885,0.7627181196324004,0.6524394107179919,0.20993599511008482
input,trigram,15,5050,seen,f256+,51298,1.053031153554748,0.5616213055396887,0.2162491676019235
input,trigram,15,5050,seen,f4-7,49336,0.7457898065766094,0.6549195255720064,0.21991208411573784
input,trigram,15,5050,seen,f64-255,65211,0.957350364574111,0.5855070285375588,0.22660680765860974
input,trigram,15,5050,seen,f8-15,48849,0.7553282547545292,0.6464250076091405,0.2303658155593509
input,trigram,16,5390,novel,f0,184590,0.9262180453405727,0.588958832465794,0.10926457403143179
input,trigram,16,5390,novel,f1,0,0.0,0.0,0.0
input,trigram,16,5390,novel,f16-63,0,0.0,0.0,0.0
input,trigram,16,5390,novel,f2-3,0,0.0,0.0,0.0
input,trigram,16,5390,novel,f256+,0,0.0,0.0,0.0
input,trigram,16,5390,novel,f4-7,0,0.0,0.0,0.0
input,trigram,16,5390,novel,f64-255,0,0.0,0.0,0.0
input,trigram,16,5390,novel,f8-15,0,0.0,0.0,0.0
input,trigram,16,5390,seen,f0,0,0.0,0.0,0.0
input,trigram,16,5390,seen,f1,49598,0.7467442247374093,0.6547675110534771,0.19507112282723393
input,trigram,16,5390,seen,f16-63,91057,0.7685620327838137,0.6376408670600271,0.23768952475642688
input,trigram,16,5390,seen,f2-3,49885,0.7072933860195154,0.6668752710257012,0.21647472759066552
input,trigram,16,5390,seen,f256+,51298,0.9689084297056083,0.5819488360412073,0.2217343207059511
input,trigram,16,5390,seen,f4-7,49336,0.694530039021014,0.6678915936860765,0.228705225324447
input,trigram,16,5390,seen,f64-255,65211,0.8732306236545438,0.6072781814878069,0.2345946161082071
input,trigram,16,5390,seen,f8-15,48849,0.7075886065625919,0.6600407600737161,0.23730792206119505
input,trigram,17,5720,novel,f0,184590,0.908750827881109,0.592277399753585,0.10706630246686781
input,trigram,17,5720,novel,f1,0,0.0,0.0,0.0
input,trigram,17,5720,novel,f16-63,0,0.0,0.0,0.0
input,trigram,17,5720,novel,f2-3,0,0.0,0.0,0.0
input,trigram,17,5720,novel,f256+,0,0.0,0.0,0.0
input,trigram,17,5720,novel,f4-7,0,0.0,0.0,0.0
input,trigram,17,5720,novel,f64-255,0,0.0,0.0,0.0
input,trigram,17,5720,novel,f8-15,0,0.0,0.0,0.0
input,trigram,17,5720,seen,f0,0,0.0,0.0,0.0
input,trigram,17,5720,seen,f1,49598,0.7356045253268849,0.6587029946208977,0.19078955000804546
input,trigram,17,5720,seen,f16-63,91057,0.7587522435919637,0.6395629766851431,0.23466493951048534
input,trigram,17,5720,seen,f2-3,49885,0.7005030919958232,0.6672804996345879,0.21248873816290856
input,trigram,17,5720,seen,f256+,51298,0.9370097869531715,0.587921703185296,0.21848572458156268
input,trigram,17,5720,seen,f4-7,49336,0.6879879674430377,0.6697821245632279,0.22372037498436476
input,trigram,17,5720,seen,f64-255,65211,0.8597527779708743,0.6108023477239369,0.2290730047851385
input,trigram,17,5720,seen,f8-15,48849,0.6941508969924666,0.663758462286128,0.23454836166480475
input,trigram,18,6060,novel,f0,184590,0.8840133467645374,0.5990419966915062,0.10576228649945014
input,trigram,18,6060,novel,f1,0,0.0,0.0,0.0
input,trigram,18,6060,novel,f16-63,0,0.0,0.0,0.0
input,trigram,18,6060,novel,f2-3,0,0.0,0.0,0.0
input,trigram,18,6060,novel,f256+,0,0.0,0.0,0.0
input,trigram,18,6060,novel,f4-7,0,0.0,0.0,0.0
input,trigram,18,6060,novel,f64-255,0,0.0,0.0,0.0
input,trigram,18,6060,novel,f8-15,0,0.0,0.0,0.0
input,trigram,18,6060,seen,f0,0,0.0,0.0,0.0
input,trigram,18,6060,seen,f1,49598,0.7238971966694577,0.6589457744253975,0.18925738550291593
input,trigram,18,6060,seen,f16-63,91057,0.742534388098007,0.6445138903654727,0.2340041178149935
input,trigram,18,6060,seen,f2-3,49885,0.6867143202062893,0.671176031684725,0.21109746842597893
input,trigram,18,6060,seen,f256+,51298,0.9120335797148578,0.596217425125644,0.2203091586816031
input,trigram,18,6060,seen,f4-7,49336,0.6712812154933044,0.6747989321099747,0.22328997467234105
input,trigram,18,6060,seen,f64-255,65211,0.8316309945188667,0.6204646071645199,0.23133428045482915
input,trigram,18,6060,seen,f8-15,48849,0.682496155736614,0.6657605121197526,0.23485632895454644
input,trigram,19,6400,novel,f0,184590,0.8774479834697217,0.6009463816726993,0.10600211052107307
input,trigram,19,6400,novel,f1,0,0.0,0.0,0.0
input,trigram,19,6400,novel,f16-63,0,0.0,0.0,0.0
input,trigram,19,6400,novel,f2-3,0,0.0,0.0,0.0
input,trigram,19,6400,novel,f256+,0,0.0,0.0,0.0
input,trigram,19,6400,novel,f4-7,0,0.0,0.0,0.0
input,trigram,19,6400,novel,f64-255,0,0.0,0.0,0.0
input,trigram,19,6400,novel,f8-15,0,0.0,0.0,0.0
input,trigram,19,6400,seen,f0,0,0.0,0.0,0.0
input,trigram,19,6400,seen,f1,49598,0.7113888062430723,0.6643354256274502,0.1903427305312377
input,trigram,19,6400,seen,f16-63,91057,0.7257928593327808,0.6505081623547833,0.23510004161719428
input,trigram,19,6400,seen,f2-3,49885,0.6781043179017154,0.6744042279474886,0.21149825785260848
input,trigram,19,6400,seen,f256+,51298,0.8911728284777455,0.6043432650725192,0.2220549776184313
input,trigram,19,6400,seen,f4-7,49336,0.6646921920750761,0.6776016681431744,0.22325960560046837
input,trigram,19,6400,seen,f64-255,65211,0.8113483636218843,0.6273556459225005,0.23127564608013998
input,trigram,19,6400,seen,f8-15,48849,0.6681184730481203,0.6718426869159911,0.232914873721105
input,trigram,20,6740,novel,f0,184590,0.8658074974290989,0.6035226195929354,0.10807781891606849
input,trigram,20,6740,novel,f1,0,0.0,0.0,0.0
input,trigram,20,6740,novel,f16-63,0,0.0,0.0,0.0
input,trigram,20,6740,novel,f2-3,0,0.0,0.0,0.0
input,trigram,20,6740,novel,f256+,0,0.0,0.0,0.0
input,trigram,20,6740,novel,f4-7,0,0.0,0.0,0.0
input,trigram,20,6740,novel,f64-255,0,0.0,0.0,0.0
input,trigram,20,6740,novel,f8-15,0,0.0,0.0,0.0
input,trigram,20,6740,seen,f0,0,0.0,0.0,0.0
input,trigram,20,6740,seen,f1,49598,0.6937969234914951,0.6702765304599889,0.1953696515976896
input,trigram,20,6740,seen,f16-63,91057,0.6970111538826842,0.6587561634012803,0.2392118978932389
input,trigram,20,6740,seen,f2-3,49885,0.6591153714408081,0.6800653428500175,0.21523369355326064
input,trigram,20,6740,seen,f256+,51298,0.8488482658322378,0.6140635238470269,0.2244820540928917
input,trigram,20,6740,seen,f4-7,49336,0.6491269725326976,0.6808869837779049,0.22823526596567606
input,trigram,20,6740,seen,f64-255,65211,0.7782715187906989,0.6339844211870187,0.23587311948102319
input,trigram,20,6740,seen,f8-15,48849,0.6481157107387095,0.6779890299673412,0.2375495974515171
nogram,bigram,1,330,novel,f0,25401,4.5453101989051365,0.13474577324624995,0.10289112644536046
nogram,bigram,1,330,novel,f1,0,0.0,0.0,0.0
nogram,bigram,1,330,novel,f16-63,0,0.0,0.0,0.0
nogram,bigram,1,330,novel,f2-3,0,0.0,0.0,0.0
nogram,bigram,1,330,novel,f256+,0,0.0,0.0,0.0
nogram,bigram,1,330,novel,f4-7,0,0.0,0.0,0.0
nogram,bigram,1,330,novel,f64-255,0,0.0,0.0,0.0
nogram,bigram,1,330,novel,f8-15,0,0.0,0.0,0.0
nogram,bigram,1,330,seen,f0,0,0.0,0.0,0.0
nogram,bigram,1,330,seen,f1,12905,4.631861000125437,0.12625915387487316,0.0956777522908829
nogram,bigram,1,330,seen,f16-63,74658,4.9731318284320825,0.10541730504691059,0.07702208520932627
nogram,bigram,1,330,seen,f2-3,16563,4.694801808747102,0.11925558827075554,0.09145336417701294
nogram,bigram,1,330,seen,f256+,294237,5.385641114605647,0.0881860353454652,0.06366976814273337
nogram,bigram,1,330,seen,f4-7,20656,4.746713510509279,0.11865110490758331,0.08819267512136804
nogram,bigram,1,330,seen,f64-255,119379,5.177661731330373,0.09092024408171334,0.06447275380819448
nogram,bigram,1,330,seen,f8-15,26025,4.832932576152615,0.11347360297776293,0.08644063113942829
nogram,bigram,2,670,novel,f0,25401,3.8167380602683254,0.21065371311745792,0.1768937621324495
nogram,bigram,2,670,novel,f1,0,0.0,0.0,0.0
nogram,bigram,2,670,novel,f16-63,0,0.0,0.0,0.0
nogram,bigram,2,670,novel,f2-3,0,0.0,0.0,0.0
nogram,bigram,2,670,novel,f256+,0,0.0,0.0,0.0
nogram,bigram,2,670,novel,f4-7,0,0.0,0.0,0.0
nogram,bigram,2,670,novel,f64-255,0,0.0,0.0,0.0
nogram,bigram,2,670,novel,f8-15,0,0.0,0.0,0.0
nogram,bigram,2,670,seen,f0,0,0.0,0.0,0.0
nogram,bigram,2,670,seen,f1,12905,3.8911598111904078,0.19759107475233592,0.16829508223194306
nogram,bigram,2,670,seen,f16-63,74658,4.1943787651493585,0.17411640784705315,0.14229877522792175
nogram,bigram,2,670,seen,f2-3,16563,3.9320157646970526,0.19434612180451982,0.16357341050444854
nogram,bigram,2,670,seen,f256+,294237,4.469414764390353,0.16202944795077504,0.1295290831650219
nogram,bigram,2,670,seen,f4-7,20656,3.984629141423499,0.19158536307472235,0.15976348345118566
nogram,bigram,2,670,seen,f64-255,119379,4.343345328718786,0.16183420806357837,0.13116582814435512
nogram,bigram,2,670,seen,f8-15,26025,4.041072474628444,0.1868708341167193,0.15752378860970312
nogram,bigram,3,1010,novel,f0,25401,3.1501667648011087,0.3050409807634371,0.2704103799634866
nogram,bigram,3,1010,novel,f1,0,0.0,0.0,0.0
nogram,bigram,3,1010,novel,f16-63,0,0.0,0.0,0.0
nogram,bigram,3,1010,novel,f2-3,0,0.0,0.0,0.0
nogram,bigram,3,1010,novel,f256+,0,0.0,0.0,0.0
nogram,bigram,3,1010,novel,f4-7,0,0.0,0.0,0.0
nogram,bigram,3,1010,novel,f64-255,0,0.0,0.0,0.0
nogram,bigram,3,1010,novel,f8-15,0,0.0,0.0,0.0
nogram,bigram,3,1010,seen,f0,0,0.0,0.0,0.0
nogram,bigram,3,1010,seen,f1,12905,3.2062652786705104,0.29528588986024984,0.2606201106263639
nogram,bigram,3,1010,seen,f16-63,74658,3.477283961712643,0.26976701660629776,0.23521360118216603
nogram,bigram,3,1010,seen,f2-3,16563,3.251993497508025,0.2901354410261013,0.25548910601249863
nogram,bigram,3,1010,seen,f256+,294237,3.746439155693427,0.2449580237980517,0.2058012955717428
nogram,bigram,3,1010,seen,f4-7,20656,3.3129017112740384,0.28391835613345395,0.2497787890912147
nogram,bigram,3,1010,seen,f64-255,119379,3.5362979847839817,0.2687348410390313,0.2336137728296454
nogram,bigram,3,1010,seen,f8-15,26025,3.3384595443612963,0.28347042170513376,0.25197664848441265
nogram,bigram,4,1340,novel,f0,25401,2.9896114831662906,0.3276780491673469,0.2918914955674824
nogram,bigram,4,1340,novel,f1,0,0.0,0.0,0.0
nogram,bigram,4,1340,novel,f16-63,0,0.0,0.0,0.0
nogram,bigram,4,1340,novel,f2-3,0,0.0,0.0,0.0
nogram,bigram,4,1340,novel,f256+,0,0.0,0.0,0.0
nogram,bigram,4,1340,novel,f4-7,0,0.0,0.0,0.0
nogram,bigram,4,1340,novel,f64-255,0,0.0,0.0,0.0
nogram,bigram,4,1340,novel,f8-15,0,0.0,0.0,0.0
nogram,bigram,4,1340,seen,f0,0,0.0,0.0,0.0
nogram,bigram,4,1340,seen,f1,12905,3.028310572566726,0.32030043599629865,0.2852412615616485
nogram,bigram,4,1340,seen,f16-63,74658,3.2937858571086207,0.2931288162782701,0.2606375379451487
nogram,bigram,4,1340,seen,f2-3,16563,3.082962360008911,0.3139437652066326,0.2793169239019943
nogram,bigram,4,1340,seen,f256+,294237,3.5672468833782323,0.2626187748001017,0.22503794232100782
nogram,bigram,4,1340,seen,f4-7,20656,3.1337993198459406,0.3084398957929649,0.2754118275761069
nogram,bigram,4,1340,seen,f64-255,119379,3.341418795532677,0.29258729691116553,0.25916973640000635
nogram,bigram,4,1340,seen,f8-15,26025,3.160402438367077,0.30722215540538916,0.2758002591946199
nogram,bigram,5,1680,novel,f0,25401,2.826619158799915,0.3480097264699891,0.3077756916696746
nogram,bigram,5,1680,novel,f1,0,0.0,0.0,0.0
nogram,bigram,5,1680,novel,f16-63,0,0.0,0.0,0.0
nogram,bigram,5,1680,novel,f2-3,0,0.0,0.0,0.0
nogram,bigram,5,1680,novel,f256+,0,0.0,0.0,0.0
nogram,bigram,5,1680,novel,f4-7,0,0.0,0.0,0.0
nogram,bigram,5,1680,novel,f64-255,0,0.0,0.0,0.0
nogram,bigram,5,1680,novel,f8-15,0,0.0,0.0,0.0
nogram,bigram,5,1680,seen,f0,0,0.0,0.0,0.0
nogram,bigram,5,1680,seen,f1,12905,2.858495228366272,0.3424010004471527,0.3017424884376765
nogram,bigram,5,1680,seen,f16-63,74658,3.104422047984059,0.31502202175053745,0.2787495681018654
nogram,bigram,5,1680,seen,f2-3,16563,2.910070986192693,0.33346230390250603,0.29476523361530577
nogram,bigram,5,1680,seen,f256+,294237,3.384992183166034,0.27971775499429635,0.2386908160545573
nogram,bigram,5,1680,seen,f4-7,20656,2.963325497361521,0.3273840355893343,0.290797634958093
nogram,bigram,5,1680,seen,f64-255,119379,3.144508054491987,0.3135434205322907,0.27703611179150156
nogram,bigram,5,1680,seen,f8-15,26025,2.9877305701113617,0.32636614546569837,0.2922909037048683
nogram,bigram,6,2020,novel,f0,25401,2.7424959434751432,0.3588705703943999,0.3164093899717935
nogram,bigram,6,2020,novel,f1,0,0.0,0.0,0.0
nogram,bigram,6,2020,novel,f16-63,0,0.0,0.0,0.0
nogram,bigram,6,2020,novel,f2-3,0,0.0,0.0,0.0
nogram,bigram,6,2020,novel,f256+,0,0.0,0.0,0.0
nogram,bigram,6,2020,novel,f4-7,0,0.0,0.0,0.0
nogram,bigram,6,2020,novel,f64-255,0,0.0,0.0,0.0
nogram,bigram,6,2020,novel,f8-15,0,0.0,0.0,0.0
nogram,bigram,6,2020,seen,f0,0,0.0,0.0,0.0
nogram,bigram,6,2020,seen,f1,12905,2.7810043427355495,0.35078116099644957,0.30989486712020753
nogram,bigram,6,2020,seen,f16-63,74658,3.031150015485115,0.32354222607859673,0.2865431285275077
nogram,bigram,6,2020,seen,f2-3,16563,2.8223139272911326,0.3460771402180256,0.3043729616677339
nogram,bigram,6,2020,seen,f256+,294237,3.3212490985059318,0.28618365695688863,0.24426229800382526
nogram,bigram,6,2020,seen,f4-7,20656,2.8746699392059365,0.33766382567884434,0.2997123829955575
nogram,bigram,6,2020,seen,f64-255,119379,3.073715702412243,0.32195456589336086,0.28462482103396863
nogram,bigram,6,2020,seen,f8-15,26025,2.9041271893533005,0.3375346409803208,0.3013989801318201
nogram,bigram,7,2350,novel,f0,25401,2.66357301218043,0.3682995525110905,0.3193135855121541
nogram,bigram,7,2350,novel,f1,0,0.0,0.0,0.0
nogram,bigram,7,2350,novel,f16-63,0,0.0,0.0,0.0
nogram,bigram,7,2350,novel,f2-3,0,0.0,0.0,0.0
nogram,bigram,7,2350,novel,f256+,0,0.0,0.0,0.0
nogram,bigram,7,2350,novel,f4-7,0,0.0,0.0,0.0
nogram,bigram,7,2350,novel,f64-255,0,0.0,0.0,0.0
nogram,bigram,7,2350,novel,f8-15,0,0.0,0.0,0.0
nogram,bigram,7,2350,seen,f0,0,0.0,0.0,0.0
nogram,bigram,7,2350,seen,f1,12905,2.6939449511990814,0.3616642532172313,0.3152584238833962
nogram,bigram,7,2350,seen,f16-63,74658,2.935472723142711,0.33336932857079354,0.29225295448577726
nogram,bigram,7,2350,seen,f2-3,16563,2.746641879365363,0.35470235153785523,0.30939107641827573
nogram,bigram,7,2350,seen,f256+,294237,3.2183762012021577,0.29547241008959246,0.24976123749570506
nogram,bigram,7,2350,seen,f4-7,20656,2.7968588489632418,0.34677522412332107,0.30537404827308534
nogram,bigram,7,2350,seen,f64-255,119379,2.97296392951036,0.33120575316105155,0.2903894063269811
nogram,bigram,7,2350,seen,f8-15,26025,2.8142437962532463,0.3473892756764429,0.3061217483101334
nogram,bigram,8,2690,novel,f0,25401,2.580616568378914,0.378407000584901,0.325040836924842
nogram,bigram,8,2690,novel,f1,0,0.0,0.0,0.0
nogram,bigram,8,2690,novel,f16-63,0,0.0,0.0,0.0
nogram,bigram,8,2690,novel,f2-3,0,0.0,0.0,0.0
nogram,bigram,8,2690,novel,f256+,0,0.0,0.0,0.0
nogram,bigram,8,2690,novel,f4-7,0,0.0,0.0,0.0
nogram,bigram,8,2690,novel,f64-255,0,0.0,0.0,0.0
nogram,bigram,8,2690,novel,f8-15,0,0.0,0.0,0.0
nogram,bigram,8,2690,seen,f0,0,0.0,0.0,0.0
nogram,bigram,8,2690,seen,f1,12905,2.617188156747459,0.37129911986785497,0.3196915191874856
nogram,bigram,8,2690,seen,f16-63,74658,2.8745911831645654,0.34032644011417723,0.29699958673339777
nogram,bigram,8,2690,seen,f2-3,16563,2.670479738410253,0.3629344667015135,0.31468552018892454
nogram,bigram,8,2690,seen,f256+,294237,3.1891523426425263,0.29938456262320057,0.25263261716798047
nogram,bigram,8,2690,seen,f4-7,20656,2.7265513595813453,0.3546259005183042,0.31069959701974625
nogram,bigram,8,2690,seen,f64-255,119379,2.9098867134893722,0.33967863463195447,0.29566074009823157
nogram,bigram,8,2690,seen,f8-15,26025,2.750602975080529,0.35560252681209936,0.3105087409907885
nogram,bigram,9,3030,novel,f0,25401,2.614729230087967,0.37486842277195703,0.3218110959667476
nogram,bigram,9,3030,novel,f1,0,0.0,0.0,0.0
nogram,bigram,9,3030,novel,f16-63,0,0.0,0.0,0.0
nogram,bigram,9,3030,novel,f2-3,0,0.0,0.0,0.0
nogram,bigram,9,3030,novel,f256+,0,0.0,0.0,0.0
nogram,bigram,9,3030,novel,f4-7,0,0.0,0.0,0.0
nogram,bigram,9,3030,novel,f64-255,0,0.0,0.0,0.0
nogram,bigram,9,3030,novel,f8-15,0,0.0,0.0,0.0
nogram,bigram,9,3030,seen,f0,0,0.0,0.0,0.0
nogram,bigram,9,3030,seen,f1,12905,2.642021393938238,0.3682980564448525,0.31889374864954323
nogram,bigram,9,3030,seen,f16-63,74658,2.8822569249822223,0.34136513060457996,0.2972023363964681
nogram,bigram,9,3030,seen,f2-3,16563,2.6820724763450223,0.3632902357929039,0.3143950434787178
nogram,bigram,9,3030,seen,f256+,294237,3.193221630522637,0.29961520251297685,0.251690345374008
nogram,bigram,9,3030,seen,f4-7,20656,2.7466238341367744,0.35386521560190454,0.30965488561353566
nogram,bigram,9,3030,seen,f64-255,119379,2.9219709325012233,0.33930872575851806,0.29444404557849263
nogram,bigram,9,3030,seen,f8-15,26025,2.759916769765661,0.35516857332393426,0.3105740067708898
nogram,bigram,10,3370,novel,f0,25401,2.4793227229809185,0.38727701230533473,0.3258713141445609
nogram,bigram,10,3370,novel,f1,0,0.0,0.0,0.0
nogram,bigram,10,3370,novel,f16-63,0,0.0,0.0,0.0
nogram,bigram,10,3370,novel,f2-3,0,0.0,0.0,0.0
nogram,bigram,10,3370,novel,f256+,0,0.0,0.0,0.0
nogram,bigram,10,3370,novel,f4-7,0,0.0,0.0,0.0
nogram,bigram,10,3370,novel,f64-255,0,0.0,0.0,0.0
nogram,bigram,10,3370,novel,f8-15,0,0.0,0.0,0.0
nogram,bigram,10,3370,seen,f0,0,0.0,0.0,0.0
nogram,bigram,10,3370,seen,f1,12905,2.5076929896701823,0.3813437900601582,0.32339744946850973
nogram,bigram,10,3370,seen,f16-63,74658,2.7526696551504286,0.35076438848032476,0.30162530175229496
nogram,bigram,10,3370,seen,f2-3,16563,2.55472700382887,0.3744719848660909,0.31720537953091377
nogram,bigram,10,3370,seen,f256+,294237,3.058729440861511,0.30806740642414177,0.25581886549565747
nogram,bigram,10,3370,seen,f4-7,20656,2.6176637598170513,0.36332726354063666,0.31393132836300053
nogram,bigram,10,3370,seen,f64-255,119379,2.793220085111003,0.3494148903942937,0.2995232128312555
nogram,bigram,10,3370,seen,f8-15,26025,2.6354435614426315,0.36571025598862217,0.31570565539358353
nogram,bigram,11,3700,novel,f0,25401,2.502601960005683,0.3882789743664859,0.32660719491540824
nogram,bigram,11,3700,novel,f1,0,0.0,0.0,0.0
nogram,bigram,11,3700,novel,f16-63,0,0.0,0.0,0.0
nogram,bigram,11,3700,novel,f2-3,0,0.0,0.0,0.0
nogram,bigram,11,3700,novel,f256+,0,0.0,0.0,0.0
nogram,bigram,11,3700,novel,f4-7,0,0.0,0.0,0.0
nogram,bigram,11,3700,novel,f64-255,0,0.0,0.0,0.0
nogram,bigram,11,3700,novel,f8-15,0,0.0,0.0,0.0
nogram,bigram,11,3700,seen,f0,0,0.0,0.0,0.0
nogram,bigram,11,3700,seen,f1,12905,2.532214759077247,0.38205494785703736,0.3238505521675047
nogram,bigram,11,3700,seen,f16-63,74658,2.7627706425140457,0.352919924671536,0.3017269711422457
nogram,bigram,11,3700,seen,f2-3,16563,2.5811591667985407,0.37565802580911506,0.31711216102437956
nogram,bigram,11,3700,seen,f256+,294237,3.070435792199907,0.31214380302394545,0.25704900821086124
nogram,bigram,11,3700,seen,f4-7,20656,2.6283201770748614,0.36856780597125993,0.31443611973035857
nogram,bigram,11,3700,seen,f64-255,119379,2.8039915032024707,0.35084078410259384,0.29914330416012336
nogram,bigram,11,3700,seen,f8-15,26025,2.6400749094910014,0.36944070165395365,0.3161052779069467
nogram,bigram,12,4040,novel,f0,25401,2.3873841725304694,0.39438869150810174,0.3254113802357855
nogram,bigram,12,4040,novel,f1,0,0.0,0.0,0.0
nogram,bigram,12,4040,novel,f16-63,0,0.0,0.0,0.0
nogram,bigram,12,4040,novel,f2-3,0,0.0,0.0,0.0
nogram,bigram,12,4040,novel,f256+,0,0.0,0.0,0.0
nogram,bigram,12,4040,novel,f4-7,0,0.0,0.0,0.0
nogram,bigram,12,4040,novel,f64-255,0,0.0,0.0,0.0
nogram,bigram,12,4040,novel,f8-15,0,0.0,0.0,0.0
nogram,bigram,12,4040,seen,f0,0,0.0,0.0,0.0
nogram,bigram,12,4040,seen,f1,12905,2.419127261418697,0.3863702396650397,0.3218858550288069
nogram,bigram,12,4040,seen,f16-63,74658,2.64535018514934,0.36055152966292375,0.304427453819881
nogram,bigram,12,4040,seen,f2-3,16563,2.461284858615242,0.38263788501607393,0.3163402727943282
nogram,bigram,12,4040,seen,f256+,294237,2.9653462914689945,0.3165055971000916,0.2587951034291171
nogram,bigram,12,4040,seen,f4-7,20656,2.510677480820875,0.37510246268106917,0.3170737290445069
nogram,bigram,12,4040,seen,f64-255,119379,2.6862872810961185,0.35775763323156756,0.30174698199204053
nogram,bigram,12,4040,seen,f8-15,26025,2.531553363670479,0.3749321092344556,0.3176366642957005
nogram,bigram,13,4380,novel,f0,25401,2.432703825184416,0.39772261270667986,0.3264231452152183
nogram,bigram,13,4380,novel,f1,0,0.0,0.0,0.0
nogram,bigram,13,4380,novel,f16-63,0,0.0,0.0,0.0
nogram,bigram,13,4380,novel,f2-3,0,0.0,0.0,0.0
nogram,bigram,13,4380,novel,f256+,0,0.0,0.0,0.0
nogram,bigram,13,4380,novel,f4-7,0,0.0,0.0,0.0
nogram,bigram,13,4380,novel,f64-255,0,0.0,0.0,0.0
nogram,bigram,13,4380,novel,f8-15,0,0.0,0.0,0.0
nogram,bigram,13,4380,seen,f0,0,0.0,0.0,0.0
nogram,bigram,13,4380,seen,f1,12905,2.4599067338109784,0.39045477042415605,0.32350960372215515
nogram,bigram,13,4380,seen,f16-63,74658,2.703612033664199,0.3600924466652287,0.3024797848242457
nogram,bigram,13,4380,seen,f2-3,16563,2.5036454048196792,0.3860040192194798,0.3192107323775602
nogram,bigram,13,4380,seen,f256+,294237,3.0319885943715925,0.31445459157179206,0.2566779445219743
nogram,bigram,13,4380,seen,f4-7,20656,2.5615254121059507,0.3750146493337519,0.31619806874148104
nogram,bigram,13,4380,seen,f64-255,119379,2.7559398531290635,0.3558623161165455,0.2994367495419112
nogram,bigram,13,4380,seen,f8-15,26025,2.5812148352874704,0.3754306005086753,0.3176423418067889
nogram,bigram,14,4710,novel,f0,25401,2.2931360945488533,0.40796766354712716,0.32946065164386856
nogram,bigram,14,4710,novel,f1,0,0.0,0.0,0.0
nogram,bigram,14,4710,novel,f16-63,0,0.0,0.0,0.0
nogram,bigram,14,4710,novel,f2-3,0,0.0,0.0,0.0
nogram,bigram,14,4710,novel,f256+,0,0.0,0.0,0.0
nogram,bigram,14,4710,novel,f4-7,0,0.0,0.0,0.0
nogram,bigram,14,4710,novel,f64-255,0,0.0,0.0,0.0
nogram,bigram,14,4710,novel,f8-15,0,0.0,0.0,0.0
nogram,bigram,14,4710,seen,f0,0,0.0,0.0,0.0
nogram,bigram,14,4710,seen,f1,12905,2.3305033869358582,0.4000537180960617,0.3250451916685396
nogram,bigram,14,4710,seen,f16-63,74658,2.5701426276618298,0.3690590760890154,0.30557945590022134
nogram,bigram,14,4710,seen,f2-3,16563,2.3733289651077016,0.39283003873256267,0.3221338961465262
nogram,bigram,14,4710,seen,f256+,294237,2.880344238295972,0.3250114338387164,0.26062907757850834
nogram,bigram,14,4710,seen,f4-7,20656,2.424090751979396,0.385971125328461,0.31965724003387497
nogram,bigram,14,4710,seen,f64-255,119379,2.608052919447204,0.3668494503892999,0.3033129962824234
nogram,bigram,14,4710,seen,f8-15,26025,2.447053313771181,0.3861351086903546,0.3202691488738618
nogram,bigram,15,5050,novel,f0,25401,2.3101199450507646,0.40904701991134107,0.329639480085373
nogram,bigram,15,5050,novel,f1,0,0.0,0.0,0.0
nogram,bigram,15,5050,novel,f16-63,0,0.0,0.0,0.0
nogram,bigram,15,5050,novel,f2-3,0,0.0,0.0,0.0
nogram,bigram,15,5050,novel,f256+,0,0.0,0.0,0.0
nogram,bigram,15,5050,novel,f4-7,0,0.0,0.0,0.0
nogram,bigram,15,5050,novel,f64-255,0,0.0,0.0,0.0
nogram,bigram,15,5050,novel,f8-15,0,0.0,0.0,0.0
nogram,bigram,15,5050,seen,f0,0,0.0,0.0,0.0
nogram,bigram,15,5050,seen,f1,12905,2.3452743145370376,0.4024282668754372,0.32414936156468144
nogram,bigram,15,5050,seen,f16-63,74658,2.5936389931142827,0.37056482457379064,0.30625195661394977
nogram,bigram,15,5050,seen,f2-3,16563,2.393523934413695,0.39461488640944037,0.3212000192113951
nogram,bigram,15,5050,seen,f256+,294237,2.933694724070049,0.32370744383837874,0.2599256858807927
nogram,bigram,15,5050,seen,f4-7,20656,2.446243396334161,0.38749867303500357,0.31785436538547013
nogram,bigram,15,5050,seen,f64-255,119379,2.636310987021434,0.368046951930358,0.3033522828496477
nogram,bigram,15,5050,seen,f8-15,26025,2.471658008216303,0.38641562860147755,0.32012766205756416
nogram,bigram,16,5390,novel,f0,25401,2.3244584874578593,0.4013282084948797,0.32175184872427964
nogram,bigram,16,5390,novel,f1,0,0.0,0.0,0.0
nogram,bigram,16,5390,novel,f16-63,0,0.0,0.0,0.0
nogram,bigram,16,5390,novel,f2-3,0,0.0,0.0,0.0
nogram,bigram,16,5390,novel,f256+,0,0.0,0.0,0.0
nogram,bigram,16,5390,novel,f4-7,0,0.0,0.0,0.0
nogram,bigram,16,5390,novel,f64-255,0,0.0,0.0,0.0
nogram,bigram,16,5390,novel,f8-15,0,0.0,0.0,0.0
nogram,bigram,16,5390,seen,f0,0,0.0,0.0,0.0
nogram,bigram,16,5390,seen,f1,12905,2.359008201112829,0.3915938688870065,0.3182609319169349
nogram,bigram,16,5390,seen,f16-63,74658,2.595170060550279,0.3648085031572237,0.3015180761423585
nogram,bigram,16,5390,seen,f2-3,16563,2.3978334765200997,0.38750687582909876,0.3143726787760466
nogram,bigram,16,5390,seen,f256+,294237,2.932081827351639,0.31920105874862703,0.2558580138910871
nogram,bigram,16,5390,seen,f4-7,20656,2.451657820075357,0.3808827637501352,0.3128209800117758
nogram,bigram,16,5390,seen,f64-255,119379,2.634568271229966,0.36233411663708903,0.29903699264640093
nogram,bigram,16,5390,seen,f8-15,26025,2.4725944061659844,0.38232790913307585,0.31601051145506537
nogram,bigram,17,5720,novel,f0,25401,2.2542362090147994,0.41397432947906715,0.32628091189367203
nogram,bigram,17,5720,novel,f1,0,0.0,0.0,0.0
nogram,bigram,17,5720,novel,f16-63,0,0.0,0.0,0.0
nogram,bigram,17,5720,novel,f2-3,0,0.0,0.0,0.0
nogram,bigram,17,5720,novel,f256+,0,0.0,0.0,0.0
nogram,bigram,17,5720,novel,f4-7,0,0.0,0.0,0.0
nogram,bigram,17,5720,novel,f64-255,0,0.0,0.0,0.0
nogram,bigram,17,5720,novel,f8-15,0,0.0,0.0,0.0
nogram,bigram,17,5720,seen,f0,0,0.0,0.0,0.0
nogram,bigram,17,5720,seen,f1,12905,2.279285316951708,0.40681714752370746,0.32470941733767594
nogram,bigram,17,5720,seen,f16-63,74658,2.5330725509780168,0.3749598447228349,0.305168180956008
nogram,bigram,17,5720,seen,f2-3,16563,2.3327867365132096,0.39936218288460185,0.3196243623723852
nogram,bigram,17,5720,seen,f256+,294237,2.8661881461681773,0.32880435451849904,0.2599383964595115
nogram,bigram,17,5720,seen,f4-7,20656,2.386962533563981,0.3913677237439799,0.31625902738056727
nogram,bigram,17,5720,seen,f64-255,119379,2.580317072387389,0.3714503474412839,0.3023361875116312
nogram,bigram,17,5720,seen,f8-15,26025,2.4096887135394263,0.3909772554580319,0.3197470359131796
nogram,bigram,18,6060,novel,f0,25401,2.214450024402869,0.4191489620295926,0.32779796228083635
nogram,bigram,18,6060,novel,f1,0,0.0,0.0,0.0
nogram,bigram,18,6060,novel,f16-63,0,0.0,0.0,0.0
nogram,bigram,18,6060,novel,f2-3,0,0.0,0.0,0.0
nogram,bigram,18,6060,novel,f256+,0,0.0,0.0,0.0
nogram,bigram,18,6060,novel,f4-7,0,0.0,0.0,0.0
nogram,bigram,18,6060,novel,f64-255,0,0.0,0.0,0.0
nogram,bigram,18,6060,novel,f8-15,0,0.0,0.0,0.0
nogram,bigram,18,6060,seen,f0,0,0.0,0.0,0.0
nogram,bigram,18,6060,seen,f1,12905,2.249236603550153,0.4101000204496158,0.32507681559482526
nogram,bigram,18,6060,seen,f16-63,74658,2.5158191135196324,0.3765228676488368,0.30494080858519695
nogram,bigram,18,6060,seen,f2-3,16563,2.3181529608145675,0.399465690741747,0.31819212897458105
nogram,bigram,18,6060,seen,f256+,294237,2.845550966050671,0.32993396084516674,0.2594200324896353
nogram,bigram,18,6060,seen,f4-7,20656,2.3764065525188633,0.39241742270444624,0.31678866711127274
nogram,bigram,18,6060,seen,f64-255,119379,2.553382445637441,0.3739104434071718,0.30247382750475327
nogram,bigram,18,6060,seen,f8-15,26025,2.3879931846641025,0.39437197893102877,0.320416869171457
nogram,bigram,19,6400,novel,f0,25401,2.2471194394525695,0.4139435293479905,0.32316178433446463
nogram,bigram,19,6400,novel,f1,0,0.0,0.0,0.0
nogram,bigram,19,6400,novel,f16-63,0,0.0,0.0,0.0
nogram,bigram,19,6400,novel,f2-3,0,0.0,0.0,0.0
nogram,bigram,19,6400,novel,f256+,0,0.0,0.0,0.0
nogram,bigram,19,6400,novel,f4-7,0,0.0,0.0,0.0
nogram,bigram,19,6400,novel,f64-255,0,0.0,0.0,0.0
nogram,bigram,19,6400,novel,f8-15,0,0.0,0.0,0.0
nogram,bigram,19,6400,seen,f0,0,0.0,0.0,0.0
nogram,bigram,19,6400,seen,f1,12905,2.2781742914625323,0.404418601868519,0.32020674922150977
nogram,bigram,19,6400,seen,f16-63,74658,2.539015326146156,0.37232832954147893,0.30289795256299074
nogram,bigram,19,6400,seen,f2-3,16563,2.340347463856141,0.39703288620543303,0.3146723251600703
nogram,bigram,19,6400,seen,f256+,294237,2.882628317958807,0.3258009065932639,0.2569564407852052
nogram,bigram,19,6400,seen,f4-7,20656,2.393863304270689,0.3873015597197,0.31392756098288666
nogram,bigram,19,6400,seen,f64-255,119379,2.580684076424255,0.37001174765880407,0.2996389548460559
nogram,bigram,19,6400,seen,f8-15,26025,2.406072610593951,0.39167979408749787,0.31860050093833664
nogram,bigram,20,6740,novel,f0,25401,2.125089354495275,0.42889610553319213,0.32748944039234945
nogram,bigram,20,6740,novel,f1,0,0.0,0.0,0.0
nogram,bigram,20,6740,novel,f16-63,0,0.0,0.0,0.0
nogram,bigram,20,6740,novel,f2-3,0,0.0,0.0,0.0
nogram,bigram,20,6740,novel,f256+,0,0.0,0.0,0.0
nogram,bigram,20,6740,novel,f4-7,0,0.0,0.0,0.0
nogram,bigram,20,6740,novel,f64-255,0,0.0,0.0,0.0
nogram,bigram,20,6740,novel,f8-15,0,0.0,0.0,0.0
nogram,bigram,20,6740,seen,f0,0,0.0,0.0,0.0
nogram,bigram,20,6740,seen,f1,12905,2.162896438655727,0.41926159870827767,0.3256792258031576
nogram,bigram,20,6740,seen,f16-63,74658,2.414092983630089,0.38611552016804346,0.3072837437951029
nogram,bigram,20,6740,seen,f2-3,16563,2.223976048634657,0.41057420719175636,0.3202065196253088
nogram,bigram,20,6740,seen,f256+,294237,2.7404100288088973,0.33995805950667496,0.2617743334990773
nogram,bigram,20,6740,seen,f4-7,20656,2.2708174566841297,0.4015353006684264,0.31839894762387727
nogram,bigram,20,6740,seen,f64-255,119379,2.4519383017940273,0.38396561425129316,0.3042230803228058
nogram,bigram,20,6740,seen,f8-15,26025,2.3018422103793017,0.40063805692499066,0.321243490896798
nogram,trigram,1,330,novel,f0,184590,4.939011067095561,0.10808301309844717,0.07920420466346034
nogram,trigram,1,330,novel,f1,0,0.0,0.0,0.0
nogram,trigram,1,330,novel,f16-63,0,0.0,0.0,0.0
nogram,trigram,1,330,novel,f2-3,0,0.0,0.0,0.0
nogram,trigram,1,330,novel,f256+,0,0.0,0.0,0.0
nogram,trigram,1,330,novel,f4-7,0,0.0,0.0,0.0
nogram,trigram,1,330,novel,f64-255,0,0.0,0.0,0.0
nogram,trigram,1,330,novel,f8-15,0,0.0,0.0,0.0
nogram,trigram,1,330,seen,f0,0,0.0,0.0,0.0
nogram,trigram,1,330,seen,f1,49598,5.0691469593996095,0.10011325830478525,0.07417191098455453
nogram,trigram,1,330,seen,f16-63,91057,5.364087555473375,0.08551277186262862,0.06118729530662783
nogram,trigram,1,330,seen,f2-3,49885,5.142736267596349,0.09662414292485744,0.07011938079063701
nogram,trigram,1,330,seen,f256+,51298,5.357795412926264,0.09698000861014432,0.07281638459411124
nogram,trigram,1,330,seen,f4-7,49336,5.1876272899614415,0.0958085135317754,0.07004223657012985
nogram,trigram,1,330,seen,f64-255,65211,5.449407826774393,0.08212462240868681,0.05769214716049918
nogram,trigram,1,330,seen,f8-15,48849,5.2533479114754105,0.09258913403797632,0.06742645386874044
nogram,trigram,2,670,novel,f0,184590,4.146778329895937,0.17972403592120775,0.14593642231896262
nogram,trigram,2,670,novel,f1,0,0.0,0.0,0.0
nogram,trigram,2,670,novel,f16-63,0,0.0,0.0,0.0
nogram,trigram,2,670,novel,f2-3,0,0.0,0.0,0.0
nogram,trigram,2,670,novel,f256+,0,0.0,0.0,0.0
nogram,trigram,2,670,novel,f4-7,0,0.0,0.0,0.0
nogram,trigram,2,670,novel,f64-255,0,0.0,0.0,0.0
nogram,trigram,2,670,novel,f8-15,0,0.0,0.0,0.0
nogram,trigram,2,670,seen,f0,0,0.0,0.0,0.0
nogram,trigram,2,670,seen,f1,49598,4.239840201071495,0.17152793579812411,0.1411094719670414
nogram,trigram,2,670,seen,f16-63,91057,4.478355829624539,0.1573935541920267,0.12703861759744864
nogram,trigram,2,670,seen,f2-3,49885,4.3046448604151415,0.16650132072753993,0.13594063608421414
nogram,trigram,2,670,seen,f256+,51298,4.3595417874602225,0.18186843629988242,0.14902489588619283
nogram,trigram,2,670,seen,f4-7,49336,4.347514449092054,0.1645669624762995,0.13371038799302545
nogram,trigram,2,670,seen,f64-255,65211,4.527184899654399,0.156870814029035,0.1257065902885072
nogram,trigram,2,670,seen,f8-15,48849,4.3986539888822795,0.1624508124851054,0.13190212922842784
nogram,trigram,3,1010,novel,f0,184590,3.437784096255891,0.2753331910991619,0.23785609844257483
nogram,trigram,3,1010,novel,f1,0,0.0,0.0,0.0
nogram,trigram,3,1010,novel,f16-63,0,0.0,0.0,0.0
nogram,trigram,3,1010,novel,f2-3,0,0.0,0.0,0.0
nogram,trigram,3,1010,novel,f256+,0,0.0,0.0,0.0
nogram,trigram,3,1010,novel,f4-7,0,0.0,0.0,0.0
nogram,trigram,3,1010,novel,f64-255,0,0.0,0.0,0.0
nogram,trigram,3,1010,novel,f8-15,0,0.0,0.0,0.0
nogram,trigram,3,1010,seen,f0,0,0.0,0.0,0.0
nogram,trigram,3,1010,seen,f1,49598,3.523007312677224,0.2655096658936779,0.23020340827192745
nogram,trigram,3,1010,seen,f16-63,91057,3.7150286220676967,0.24888239981758406,0.21261814130168988
nogram,trigram,3,1010,seen,f2-3,49885,3.579150291469984,0.2595235376920967,0.22410689257377495
nogram,trigram,3,1010,seen,f256+,51298,3.6829041715946698,0.24890670294353198,0.21103033586590472
nogram,trigram,3,1010,seen,f4-7,49336,3.626301011598428,0.25585497265638735,0.2191338926428014
nogram,trigram,3,1010,seen,f64-255,65211,3.7209196211009705,0.251029934473951,0.21276472612699143
nogram,trigram,3,1010,seen,f8-15,48849,3.6451486259730985,0.25673456928205085,0.2212869104669217
nogram,trigram,4,1340,novel,f0,184590,3.268532679824382,0.29663573222097006,0.25980051906030055
nogram,trigram,4,1340,novel,f1,0,0.0,0.0,0.0
nogram,trigram,4,1340,novel,f16-63,0,0.0,0.0,0.0
nogram,trigram,4,1340,novel,f2-3,0,0.0,0.0,0.0
nogram,trigram,4,1340,novel,f256+,0,0.0,0.0,0.0
nogram,trigram,4,1340,novel,f4-7,0,0.0,0.0,0.0
nogram,trigram,4,1340,novel,f64-255,0,0.0,0.0,0.0
nogram,trigram,4,1340,novel,f8-15,0,0.0,0.0,0.0
nogram,trigram,4,1340,seen,f0,0,0.0,0.0,0.0
nogram,trigram,4,1340,seen,f1,49598,3.345805217670435,0.2858750351654409,0.25152673243272494
nogram,trigram,4,1340,seen,f16-63,91057,3.521343115766505,0.2704292930071582,0.2362706795711696
nogram,trigram,4,1340,seen,f2-3,49885,3.3987443531339983,0.28060534508607426,0.24663625025193894
nogram,trigram,4,1340,seen,f256+,51298,3.5125055088613486,0.26346907342749504,0.22771818145605127
nogram,trigram,4,1340,seen,f4-7,49336,3.443641629505595,0.2767503602255309,0.24152781592165762
nogram,trigram,4,1340,seen,f64-255,65211,3.5109667507747777,0.27307055369306,0.23698076288405945
nogram,trigram,4,1340,seen,f8-15,48849,3.459146893949681,0.2778956721236517,0.2436138692925173
nogram,trigram,5,1680,novel,f0,184590,3.0955452606033464,0.3152648003419937,0.27481353085777943
nogram,trigram,5,1680,novel,f1,0,0.0,0.0,0.0
nogram,trigram,5,1680,novel,f16-63,0,0.0,0.0,0.0
nogram,trigram,5,1680,novel,f2-3,0,0.0,0.0,0.0
nogram,trigram,5,1680,novel,f256+,0,0.0,0.0,0.0
nogram,trigram,5,1680,novel,f4-7,0,0.0,0.0,0.0
nogram,trigram,5,1680,novel,f64-255,0,0.0,0.0,0.0
nogram,trigram,5,1680,novel,f8-15,0,0.0,0.0,0.0
nogram,trigram,5,1680,seen,f0,0,0.0,0.0,0.0
nogram,trigram,5,1680,seen,f1,49598,3.1662947177340377,0.3045513050641692,0.267301632511466
nogram,trigram,5,1680,seen,f16-63,91057,3.3259684255779542,0.289883537075101,0.2527326242030346
nogram,trigram,5,1680,seen,f2-3,49885,3.219021488091843,0.2985784737239798,0.2618701061759171
nogram,trigram,5,1680,seen,f256+,51298,3.322513018774268,0.28417193659548673,0.24197978080273486
nogram,trigram,5,1680,seen,f4-7,49336,3.262416393711483,0.2940708463971908,0.25686062030961465
nogram,trigram,5,1680,seen,f64-255,65211,3.3107028544305237,0.2935174047197913,0.2532853273665258
nogram,trigram,5,1680,seen,f8-15,48849,3.2719671225564246,0.29629664029363634,0.2591243351067595
nogram,trigram,6,2020,novel,f0,184590,3.0244983322973074,0.32437518407375804,0.2821303608049627
nogram,trigram,6,2020,novel,f1,0,0.0,0.0,0.0
nogram,trigram,6,2020,novel,f16-63,0,0.0,0.0,0.0
nogram,trigram,6,2020,novel,f2-3,0,0.0,0.0,0.0
nogram,trigram,6,2020,novel,f256+,0,0.0,0.0,0.0
nogram,trigram,6,2020,novel,f4-7,0,0.0,0.0,0.0
nogram,trigram,6,2020,novel,f64-255,0,0.0,0.0,0.0
nogram,trigram,6,2020,novel,f8-15,0,0.0,0.0,0.0
nogram,trigram,6,2020,seen,f0,0,0.0,0.0,0.0
nogram,trigram,6,2020,seen,f1,49598,3.092998413281465,0.31340362082706713,0.27470562841489016
nogram,trigram,6,2020,seen,f16-63,91057,3.2533876224472493,0.2976584255756956,0.2597320066123636
nogram,trigram,6,2020,seen,f2-3,49885,3.144010725691283,0.3073306232328812,0.269771276961619
nogram,trigram,6,2020,seen,f256+,51298,3.28167094745895,0.28552198684672486,0.2451097457253038
nogram,trigram,6,2020,seen,f4-7,49336,3.187755370577179,0.30305860432444615,0.2638962457019551
nogram,trigram,6,2020,seen,f64-255,65211,3.2357777066532165,0.30106388931143874,0.25976754239384214
nogram,trigram,6,2020,seen,f8-15,48849,3.2001315203269813,0.3038422149096261,0.2663349812681202
nogram,trigram,7,2350,novel,f0,184590,2.9331637596330618,0.33335059133756734,0.2869720692394056
nogram,trigram,7,2350,novel,f1,0,0.0,0.0,0.0
nogram,trigram,7,2350,novel,f16-63,0,0.0,0.0,0.0
nogram,trigram,7,2350,novel,f2-3,0,0.0,0.0,0.0
nogram,trigram,7,2350,novel,f256+,0,0.0,0.0,0.0
nogram,trigram,7,2350,novel,f4-7,0,0.0,0.0,0.0
nogram,trigram,7,2350,novel,f64-255,0,0.0,0.0,0.0
nogram,trigram,7,2350,novel,f8-15,0,0.0,0.0,0.0
nogram,trigram,7,2350,seen,f0,0,0.0,0.0,0.0
nogram,trigram,7,2350,seen,f1,49598,2.993220572537207,0.3242264487143888,0.2801627825405731
nogram,trigram,7,2350,seen,f16-63,91057,3.150277029667293,0.30647528187051465,0.2657131650536134
nogram,trigram,7,2350,seen,f2-3,49885,3.048413620360944,0.31738695006616324,0.27503740378101893
nogram,trigram,7,2350,seen,f256+,51298,3.180453806705299,0.29390482949362406,0.24996448719423317
nogram,trigram,7,2350,seen,f4-7,49336,3.087798027928872,0.31379114502916094,0.2701892138963205
nogram,trigram,7,2350,seen,f64-255,65211,3.130713003241301,0.31020853137112864,0.26589432254911816
nogram,trigram,7,2350,seen,f8-15,48849,3.1013238817503934,0.3137653452013474,0.27181392332444076
nogram,trigram,8,2690,novel,f0,184590,2.8762974187270633,0.34005156109062395,0.2906513363116703
nogram,trigram,8,2690,novel,f1,0,0.0,0.0,0.0
nogram,trigram,8,2690,novel,f16-63,0,0.0,0.0,0.0
nogram,trigram,8,2690,novel,f2-3,0,0.0,0.0,0.0
nogram,trigram,8,2690,novel,f256+,0,0.0,0.0,0.0
nogram,trigram,8,2690,novel,f4-7,0,0.0,0.0,0.0
nogram,trigram,8,2690,novel,f64-255,0,0.0,0.0,0.0
nogram,trigram,8,2690,novel,f8-15,0,0.0,0.0,0.0
nogram,trigram,8,2690,seen,f0,0,0.0,0.0,0.0
nogram,trigram,8,2690,seen,f1,49598,2.9474558158055033,0.3280179557452514,0.2834015267391709
nogram,trigram,8,2690,seen,f16-63,91057,3.10256840561517,0.31373533850489377,0.2703231407854618
nogram,trigram,8,2690,seen,f2-3,49885,3.003890495048243,0.3229934497973029,0.27898825356588347
nogram,trigram,8,2690,seen,f256+,51298,3.1561468096720198,0.29754082986378316,0.2529350082933788
nogram,trigram,8,2690,seen,f4-7,49336,3.0406821516704663,0.318784829174788,0.27358489056098767
nogram,trigram,8,2690,seen,f64-255,65211,3.081802443604918,0.31797028349965306,0.27100426537065325
nogram,trigram,8,2690,seen,f8-15,48849,3.0593804303041225,0.3193037476200023,0.2765897926956083
nogram,trigram,9,3030,novel,f0,184590,2.8903112663473105,0.33968027191755984,0.2894848071473435
nogram,trigram,9,3030,novel,f1,0,0.0,0.0,0.0
nogram,trigram,9,3030,novel,f16-63,0,0.0,0.0,0.0
nogram,trigram,9,3030,novel,f2-3,0,0.0,0.0,0.0
nogram,trigram,9,3030,novel,f256+,0,0.0,0.0,0.0
nogram,trigram,9,3030,novel,f4-7,0,0.0,0.0,0.0
nogram,trigram,9,3030,novel,f64-255,0,0.0,0.0,0.0
nogram,trigram,9,3030,novel,f8-15,0,0.0,0.0,0.0
nogram,trigram,9,3030,seen,f0,0,0.0,0.0,0.0
nogram,trigram,9,3030,seen,f1,49598,2.955400513541152,0.32833812762814335,0.2834541085854797
nogram,trigram,9,3030,seen,f16-63,91057,3.1076682999725733,0.313471480562334,0.26930574936173646
nogram,trigram,9,3030,seen,f2-3,49885,3.008368796479518,0.3232367812382453,0.27881418671844155
nogram,trigram,9,3030,seen,f256+,51298,3.1642432661046653,0.297641752872323,0.2512606591737441
nogram,trigram,9,3030,seen,f4-7,49336,3.0506401157485943,0.3187041235555156,0.273381530124141
nogram,trigram,9,3030,seen,f64-255,65211,3.093051106421151,0.3167540268410732,0.26909421890913965
nogram,trigram,9,3030,seen,f8-15,48849,3.058140704022789,0.32123185002397664,0.27679731409765995
nogram,trigram,10,3370,novel,f0,184590,2.7587513607051393,0.3498576443808471,0.29366852349614664
nogram,trigram,10,3370,novel,f1,0,0.0,0.0,0.0
nogram,trigram,10,3370,novel,f16-63,0,0.0,0.0,0.0
nogram,trigram,10,3370,novel,f2-3,0,0.0,0.0,0.0
nogram,trigram,10,3370,novel,f256+,0,0.0,0.0,0.0
nogram,trigram,10,3370,novel,f4-7,0,0.0,0.0,0.0
nogram,trigram,10,3370,novel,f64-255,0,0.0,0.0,0.0
nogram,trigram,10,3370,novel,f8-15,0,0.0,0.0,0.0
nogram,trigram,10,3370,seen,f0,0,0.0,0.0,0.0
nogram,trigram,10,3370,seen,f1,49598,2.8236286735864806,0.3386127751411408,0.2874631724299228
nogram,trigram,10,3370,seen,f16-63,91057,2.973954478582767,0.32307782230240534,0.27442949421502094
nogram,trigram,10,3370,seen,f2-3,49885,2.877199051923042,0.3330419374434947,0.28372483704116214
nogram,trigram,10,3370,seen,f256+,51298,3.041519091617431,0.30238057561711834,0.25439231917380384
nogram,trigram,10,3370,seen,f4-7,49336,2.92282991329434,0.3267036528345524,0.27727166485224586
nogram,trigram,10,3370,seen,f64-255,65211,2.9533976832139333,0.32727364138662723,0.27366772481956736
nogram,trigram,10,3370,seen,f8-15,48849,2.9239409151997067,0.33060439943109776,0.2818651147183624
nogram,trigram,11,3700,novel,f0,184590,2.777332032445242,0.3522375994527374,0.293758214448393
nogram,trigram,11,3700,novel,f1,0,0.0,0.0,0.0
nogram,trigram,11,3700,novel,f16-63,0,0.0,0.0,0.0
nogram,trigram,11,3700,novel,f2-3,0,0.0,0.0,0.0
nogram,trigram,11,3700,novel,f256+,0,0.0,0.0,0.0
nogram,trigram,11,3700,novel,f4-7,0,0.0,0.0,0.0
nogram,trigram,11,3700,novel,f64-255,0,0.0,0.0,0.0
nogram,trigram,11,3700,novel,f8-15,0,0.0,0.0,0.0
nogram,trigram,11,3700,seen,f0,0,0.0,0.0,0.0
nogram,trigram,11,3700,seen,f1,49598,2.838157535797185,0.3417422498165568,0.2882752350122685
nogram,trigram,11,3700,seen,f16-63,91057,2.980818138789014,0.32612172152642654,0.2752523863606319
nogram,trigram,11,3700,seen,f2-3,49885,2.889983317290688,0.33518098057221096,0.28445454596538733
nogram,trigram,11,3700,seen,f256+,51298,3.053622770421347,0.3065681188918897,0.25586011613286674
nogram,trigram,11,3700,seen,f4-7,49336,2.9322369595198676,0.330973371870614,0.2777784805197283
nogram,trigram,11,3700,seen,f64-255,65211,2.9562412205577657,0.3309449861256156,0.2748417125924661
nogram,trigram,11,3700,seen,f8-15,48849,2.933912272225742,0.3336116484265292,0.28233580621176385
nogram,trigram,12,4040,novel,f0,184590,2.6612738331313572,0.3577971662189407,0.29427476724820906
nogram,trigram,12,4040,novel,f1,0,0.0,0.0,0.0
nogram,trigram,12,4040,novel,f16-63,0,0.0,0.0,0.0
nogram,trigram,12,4040,novel,f2-3,0,0.0,0.0,0.0
nogram,trigram,12,4040,novel,f256+,0,0.0,0.0,0.0
nogram,trigram,12,4040,novel,f4-7,0,0.0,0.0,0.0
nogram,trigram,12,4040,novel,f64-255,0,0.0,0.0,0.0
nogram,trigram,12,4040,novel,f8-15,0,0.0,0.0,0.0
nogram,trigram,12,4040,seen,f0,0,0.0,0.0,0.0
nogram,trigram,12,4040,seen,f1,49598,2.726141730482881,0.3464836414611301,0.29004087186156885
nogram,trigram,12,4040,seen,f16-63,91057,2.8752082745621075,0.3310840222389902,0.27736226182601464
nogram,trigram,12,4040,seen,f2-3,49885,2.777855874283782,0.3407831709744207,0.28648462424849386
nogram,trigram,12,4040,seen,f256+,51298,2.939607723449564,0.31609918027155454,0.2602241699822822
nogram,trigram,12,4040,seen,f4-7,49336,2.8274045779610746,0.3352907420525583,0.2801521663872426
nogram,trigram,12,4040,seen,f64-255,65211,2.8491358879493545,0.33600684065969355,0.27695037854200355
nogram,trigram,12,4040,seen,f8-15,48849,2.8280617851122933,0.33890417871554485,0.2843262271087172
nogram,trigram,13,4380,novel,f0,184590,2.71391058400042,0.35895203311561175,0.29426117611100855
nogram,trigram,13,4380,novel,f1,0,0.0,0.0,0.0
nogram,trigram,13,4380,novel,f16-63,0,0.0,0.0,0.0
nogram,trigram,13,4380,novel,f2-3,0,0.0,0.0,0.0
nogram,trigram,13,4380,novel,f256+,0,0.0,0.0,0.0
nogram,trigram,13,4380,novel,f4-7,0,0.0,0.0,0.0
nogram,trigram,13,4380,novel,f64-255,0,0.0,0.0,0.0
nogram,trigram,13,4380,novel,f8-15,0,0.0,0.0,0.0
nogram,trigram,13,4380,seen,f0,0,0.0,0.0,0.0
nogram,trigram,13,4380,seen,f1,49598,2.783462482691596,0.3464814828723189,0.28847356805809393
nogram,trigram,13,4380,seen,f16-63,91057,2.9454262267083546,0.3290923358218049,0.2749565196776631
nogram,trigram,13,4380,seen,f2-3,49885,2.8375810925728375,0.3401684602932183,0.2848879035862893
nogram,trigram,13,4380,seen,f256+,51298,3.0142759254136076,0.3101583866568009,0.25559790407083127
nogram,trigram,13,4380,seen,f4-7,49336,2.889182952055677,0.3336405998391071,0.27841244265369414
nogram,trigram,13,4380,seen,f64-255,65211,2.926423510342514,0.331938894366508,0.27392381007346767
nogram,trigram,13,4380,seen,f8-15,48849,2.892434100172164,0.3387133981070501,0.28292558047635435
nogram,trigram,14,4710,novel,f0,184590,2.5763318921815914,0.3682987008632847,0.2971454507448423
nogram,trigram,14,4710,novel,f1,0,0.0,0.0,0.0
nogram,trigram,14,4710,novel,f16-63,0,0.0,0.0,0.0
nogram,trigram,14,4710,novel,f2-3,0,0.0,0.0,0.0
nogram,trigram,14,4710,novel,f256+,0,0.0,0.0,0.0
nogram,trigram,14,4710,novel,f4-7,0,0.0,0.0,0.0
nogram,trigram,14,4710,novel,f64-255,0,0.0,0.0,0.0
nogram,trigram,14,4710,novel,f8-15,0,0.0,0.0,0.0
nogram,trigram,14,4710,seen,f0,0,0.0,0.0,0.0
nogram,trigram,14,4710,seen,f1,49598,2.642982976911013,0.3564886276366202,0.29108004526428405
nogram,trigram,14,4710,seen,f16-63,91057,2.7917354014505156,0.3407479354408897,0.27896868811603603
nogram,trigram,14,4710,seen,f2-3,49885,2.696729774032188,0.3497366262044411,0.2889559360702194
nogram,trigram,14,4710,seen,f256+,51298,2.8667372836396763,0.3201963614760366,0.2599164356540515
nogram,trigram,14,4710,seen,f4-7,49336,2.7417506649234404,0.3452858990863979,0.2828026286036366
nogram,trigram,14,4710,seen,f64-255,65211,2.760589705589072,0.34463915105877,0.2791007251424395
nogram,trigram,14,4710,seen,f8-15,48849,2.7511418064437705,0.3471357367255634,0.28571497579732774
nogram,trigram,15,5050,novel,f0,184590,2.6052547859079045,0.3689811954134462,0.29666178318887815
nogram,trigram,15,5050,novel,f1,0,0.0,0.0,0.0
nogram,trigram,15,5050,novel,f16-63,0,0.0,0.0,0.0
nogram,trigram,15,5050,novel,f2-3,0,0.0,0.0,0.0
nogram,trigram,15,5050,novel,f256+,0,0.0,0.0,0.0
nogram,trigram,15,5050,novel,f4-7,0,0.0,0.0,0.0
nogram,trigram,15,5050,novel,f64-255,0,0.0,0.0,0.0
nogram,trigram,15,5050,novel,f8-15,0,0.0,0.0,0.0
nogram,trigram,15,5050,seen,f0,0,0.0,0.0,0.0
nogram,trigram,15,5050,seen,f1,49598,2.6828039876151455,0.3559299307035271,0.2910130419295345
nogram,trigram,15,5050,seen,f16-63,91057,2.8320126481583894,0.3407705024663465,0.27919244587402564
nogram,trigram,15,5050,seen,f2-3,49885,2.7357742258482727,0.3499937702199412,0.28763168738784745
nogram,trigram,15,5050,seen,f256+,51298,2.9296561481452734,0.31791105067338976,0.2590985787859073
nogram,trigram,15,5050,seen,f4-7,49336,2.783555531488023,0.3439580782021991,0.2813486609544998
nogram,trigram,15,5050,seen,f64-255,65211,2.8067823431839174,0.34485972923034436,0.2791357381047226
nogram,trigram,15,5050,seen,f8-15,48849,2.7848823822924147,0.3482282884764924,0.2864154659518297
nogram,trigram,16,5390,novel,f0,184590,2.6066458801925934,0.36305549614894006,0.2912269290543423
nogram,trigram,16,5390,novel,f1,0,0.0,0.0,0.0
nogram,trigram,16,5390,novel,f16-63,0,0.0,0.0,0.0
nogram,trigram,16,5390,novel,f2-3,0,0.0,0.0,0.0
nogram,trigram,16,5390,novel,f256+,0,0.0,0.0,0.0
nogram,trigram,16,5390,novel,f4-7,0,0.0,0.0,0.0
nogram,trigram,16,5390,novel,f64-255,0,0.0,0.0,0.0
nogram,trigram,16,5390,novel,f8-15,0,0.0,0.0,0.0
nogram,trigram,16,5390,seen,f0,0,0.0,0.0,0.0
nogram,trigram,16,5390,seen,f1,49598,2.678476799719336,0.35032852534023706,0.2868362278339459
nogram,trigram,16,5390,seen,f16-63,91057,2.831702910515587,0.33547992890911943,0.2747318771884725
nogram,trigram,16,5390,seen,f2-3,49885,2.7329689733396023,0.3439025301153192,0.2838569868677611
nogram,trigram,16,5390,seen,f256+,51298,2.931899398587414,0.31648608439671055,0.25647686440839007
nogram,trigram,16,5390,seen,f4-7,49336,2.776867978408856,0.33983112443926755,0.27769286773940144
nogram,trigram,16,5390,seen,f64-255,65211,2.8139967818812215,0.33801894362639023,0.2744300711261842
nogram,trigram,16,5390,seen,f8-15,48849,2.7859286821664457,0.3430224624927334,0.28151424328982666
nogram,trigram,17,5720,novel,f0,184590,2.5419770258991194,0.373693567087436,0.29534749780151776
nogram,trigram,17,5720,novel,f1,0,0.0,0.0,0.0
nogram,trigram,17,5720,novel,f16-63,0,0.0,0.0,0.0
nogram,trigram,17,5720,novel,f2-3,0,0.0,0.0,0.0
nogram,trigram,17,5720,novel,f256+,0,0.0,0.0,0.0
nogram,trigram,17,5720,novel,f4-7,0,0.0,0.0,0.0
nogram,trigram,17,5720,novel,f64-255,0,0.0,0.0,0.0
nogram,trigram,17,5720,novel,f8-15,0,0.0,0.0,0.0
nogram,trigram,17,5720,seen,f0,0,0.0,0.0,0.0
nogram,trigram,17,5720,seen,f1,49598,2.61357098797691,0.36134972584928565,0.29078238586514316
nogram,trigram,17,5720,seen,f16-63,91057,2.771451916971777,0.344774733819774,0.27919006656825196
nogram,trigram,17,5720,seen,f2-3,49885,2.6713449421658018,0.35496355047696093,0.2873681043296718
nogram,trigram,17,5720,seen,f256+,51298,2.8568044880850048,0.3255454932443954,0.2598305862815135
nogram,trigram,17,5720,seen,f4-7,49336,2.71563762117865,0.3489181432467605,0.2816496773795564
nogram,trigram,17,5720,seen,f64-255,65211,2.7544238568896136,0.34738067654633076,0.27781487192537185
nogram,trigram,17,5720,seen,f8-15,48849,2.7267757220023445,0.35111976471741224,0.2855071532284863
nogram,trigram,18,6060,novel,f0,184590,2.517655462595211,0.376172902292094,0.29569129733398364
nogram,trigram,18,6060,novel,f1,0,0.0,0.0,0.0
nogram,trigram,18,6060,novel,f16-63,0,0.0,0.0,0.0
nogram,trigram,18,6060,novel,f2-3,0,0.0,0.0,0.0
nogram,trigram,18,6060,novel,f256+,0,0.0,0.0,0.0
nogram,trigram,18,6060,novel,f4-7,0,0.0,0.0,0.0
nogram,trigram,18,6060,novel,f64-255,0,0.0,0.0,0.0
nogram,trigram,18,6060,novel,f8-15,0,0.0,0.0,0.0
nogram,trigram,18,6060,seen,f0,0,0.0,0.0,0.0
nogram,trigram,18,6060,seen,f1,49598,2.5957560659740055,0.36306880837883,0.29083419161952845
nogram,trigram,18,6060,seen,f16-63,91057,2.746910690683263,0.34654366403754266,0.27813625884525484
nogram,trigram,18,6060,seen,f2-3,49885,2.6523749155025285,0.3573067476229896,0.28791058722861146
nogram,trigram,18,6060,seen,f256+,51298,2.8468426419760817,0.32223434356610636,0.25787863938490513
nogram,trigram,18,6060,seen,f4-7,49336,2.69688088790884,0.35023716353909184,0.28181458650317204
nogram,trigram,18,6060,seen,f64-255,65211,2.7223133180322203,0.3509344695842266,0.2781002858549249
nogram,trigram,18,6060,seen,f8-15,48849,2.7080494897118004,0.35276658000531386,0.2849156778217942
nogram,trigram,19,6400,novel,f0,184590,2.5462791413819987,0.3716688706829881,0.2922643859831512
nogram,trigram,19,6400,novel,f1,0,0.0,0.0,0.0
nogram,trigram,19,6400,novel,f16-63,0,0.0,0.0,0.0
nogram,trigram,19,6400,novel,f2-3,0,0.0,0.0,0.0
nogram,trigram,19,6400,novel,f256+,0,0.0,0.0,0.0
nogram,trigram,19,6400,novel,f4-7,0,0.0,0.0,0.0
nogram,trigram,19,6400,novel,f64-255,0,0.0,0.0,0.0
nogram,trigram,19,6400,novel,f8-15,0,0.0,0.0,0.0
nogram,trigram,19,6400,seen,f0,0,0.0,0.0,0.0
nogram,trigram,19,6400,seen,f1,49598,2.6251819168221626,0.3581281401893872,0.2874523756062703
nogram,trigram,19,6400,seen,f16-63,91057,2.7823191461195007,0.34181636383964764,0.2759453307443685
nogram,trigram,19,6400,seen,f2-3,49885,2.6800851927336224,0.3529329911348943,0.2856116824980794
nogram,trigram,19,6400,seen,f256+,51298,2.876244176879674,0.32362976966646106,0.2580867090274688
nogram,trigram,19,6400,seen,f4-7,49336,2.7217089069187717,0.3467765076623773,0.2789480806950387
nogram,trigram,19,6400,seen,f64-255,65211,2.7653737492654953,0.34470962191956056,0.27532257313420505
nogram,trigram,19,6400,seen,f8-15,48849,2.7369497534014626,0.3489572171421123,0.28215760647405813
nogram,trigram,20,6740,novel,f0,184590,2.4168176851621994,0.3860565354480738,0.29691844872622736
nogram,trigram,20,6740,novel,f1,0,0.0,0.0,0.0
nogram,trigram,20,6740,novel,f16-63,0,0.0,0.0,0.0
nogram,trigram,20,6740,novel,f2-3,0,0.0,0.0,0.0
nogram,trigram,20,6740,novel,f256+,0,0.0,0.0,0.0
nogram,trigram,20,6740,novel,f4-7,0,0.0,0.0,0.0
nogram,trigram,20,6740,novel,f64-255,0,0.0,0.0,0.0
nogram,trigram,20,6740,novel,f8-15,0,0.0,0.0,0.0
nogram,trigram,20,6740,seen,f0,0,0.0,0.0,0.0
nogram,trigram,20,6740,seen,f1,49598,2.489757663454798,0.3734048055169806,0.2920356843549924
nogram,trigram,20,6740,seen,f16-63,91057,2.6490220219598717,0.3558370243299937,0.2809928593605092
nogram,trigram,20,6740,seen,f2-3,49885,2.5467486916369166,0.36612553449792506,0.2896349326799003
nogram,trigram,20,6740,seen,f256+,51298,2.7491175769017793,0.3329408634716535,0.2609318730816178
nogram,trigram,20,6740,seen,f4-7,49336,2.5877246558362716,0.36245617944834724,0.2838274572399012
nogram,trigram,20,6740,seen,f64-255,65211,2.6213943400152653,0.3593594089163968,0.28038359950295694
nogram,trigram,20,6740,seen,f8-15,48849,2.6061979235535793,0.3618261723584161,0.2875251264116148
