run,branch,quadrant,exemplar_id,hit_count,epoch,step,rank,top20_probs,top20_ids
input,bigram,high-F seen,401452,5405,1,330,,"[0.23559841513633728, 0.11128881573677063, 0.0384603850543499, 0.02191406674683094, 0.019339095801115036, 0.01706669293344021, 0.014148784801363945, 0.014148784801363945, 0.013291553594172001, 0.012486258521676064, 0.011729754507541656, 0.010351472534239292, 0.009724308736622334, 0.00942512322217226, 0.009135141968727112, 0.007340293377637863, 0.007114456035196781, 0.006278485059738159, 0.006085316650569439, 0.005898091476410627]","[32, 927, 1445, 570, 289, 51, 2193, 768, 262, 313, 50, 1930, 1341, 52, 2441, 351, 539, 49, 852, 53]"
input,bigram,high-F seen,401452,5405,5,1680,,"[0.19634868204593658, 0.09873031824827194, 0.08444852381944656, 0.07223264873027802, 0.051220618188381195, 0.03747380152344704, 0.03205304220318794, 0.029184626415371895, 0.011077235452830791, 0.011077235452830791, 0.010406099259853363, 0.00836153607815504, 0.008104278706014156, 0.008104278706014156, 0.006718682590872049, 0.006311618257313967, 0.005929216742515564, 0.005232515279203653, 0.005232515279203653, 0.005232515279203653]","[313, 396, 289, 333, 852, 262, 32, 442, 1957, 1180, 339, 927, 351, 957, 601, 287, 2401, 257, 509, 570]"
input,bigram,high-F seen,401452,5405,10,3370,,"[0.41682806611061096, 0.13532425463199615, 0.08737190812826157, 0.052993737161159515, 0.038771048188209534, 0.038771048188209534, 0.03214232996106148, 0.025032470002770424, 0.02351583167910576, 0.018314147368073463, 0.015182961709797382, 0.011108091101050377, 0.007634472567588091, 0.007171922829002142, 0.007171922829002142, 0.006737397983670235, 0.005945732817053795, 0.004929185379296541, 0.004630541894584894, 0.004086438566446304]","[852, 442, 396, 262, 287, 313, 2181, 3728, 1810, 32, 283, 333, 415, 927, 289, 429, 339, 4195, 6078, 6255]"
input,bigram,high-F seen,401452,5405,15,5050,,"[0.76035475730896, 0.11660418659448624, 0.08014079928398132, 0.02601790986955166, 0.0048128291964530945, 0.002273419639095664, 0.0014678300358355045, 0.0012168738758191466, 0.0010088238632306457, 0.0010088238632306457, 0.0007380712195299566, 0.000539984495844692, 0.0003711255849339068, 0.00027152124675922096, 0.00021146096696611494, 0.00017530728655401617, 0.00014533485227730125, 0.000136529459268786, 0.000136529459268786, 0.00012825755402445793]","[927, 313, 333, 4195, 852, 785, 396, 442, 768, 262, 570, 339, 760, 4196, 2348, 3962, 661, 1445, 1469, 48]"
input,bigram,high-F seen,401452,5405,20,6740,,"[0.5804146528244019, 0.21352265775203705, 0.07855058461427689, 0.06512071937322617, 0.02250511944293976, 0.012823030352592468, 0.008279170840978622, 0.004717329517006874, 0.003910803236067295, 0.0023720222525298595, 0.0009888060158118606, 0.0008726181695237756, 0.0005997411208227277, 0.0004121956299059093, 0.0003872219822369516, 0.0003637613554019481, 0.00034172218875028193, 0.00026613351656123996, 0.00018291072046849877, 0.00018291072046849877]","[927, 313, 333, 570, 396, 768, 32, 53, 1445, 1930, 48, 442, 262, 661, 2348, 327, 4195, 52, 1469, 257]"
nogram,bigram,high-F seen,401452,5405,20,6740,,"[0.18019798398017883, 0.11634456366300583, 0.09348548203706741, 0.06035876274108887, 0.038970544934272766, 0.025959981605410576, 0.020859429612755775, 0.018992725759744644, 0.018992725759744644, 0.014791551046073437, 0.013895376585423946, 0.01151967141777277, 0.009853297844529152, 0.009550143033266068, 0.00816867034882307, 0.007437658961862326, 0.00720882648602128, 0.006987033877521753, 0.006987033877521753, 0.006166035775095224]","[50, 32, 852, 262, 289, 927, 1714, 539, 53, 313, 339, 585, 351, 325, 49, 388, 257, 48, 2198, 540]"
input,bigram,low-F seen,12206669,1,1,330,,"[0.07743818312883377, 0.07274644076824188, 0.07050826400518417, 0.035453785210847855, 0.03436298295855522, 0.03436298295855522, 0.02289068140089512, 0.01897704228758812, 0.016747182235121727, 0.015248481184244156, 0.011875529773533344, 0.011510157957673073, 0.011156028136610985, 0.009248672053217888, 0.008161923848092556, 0.008161923848092556, 0.006766472477465868, 0.006558290217071772, 0.005522633902728558, 0.004950457252562046]","[46, 354, 44, 289, 286, 115, 121, 273, 351, 287, 360, 306, 283, 325, 346, 601, 334, 412, 313, 58]"
input,bigram,low-F seen,12206669,1,5,1680,,"[0.4375377595424652, 0.4110287129878998, 0.03373929113149643, 0.026276184245944023, 0.012411991134285927, 0.011659986339509487, 0.01095354463905096, 0.010289902798831463, 0.009666468016803265, 0.008530628867447376, 0.0048606060445308685, 0.0035560952965170145, 0.001903440454043448, 0.0013925868552178144, 0.0013082142686471343, 0.001018838258460164, 0.0008714586147107184, 0.0007934720488265157, 0.0007002366473898292, 0.0006179566844366491]","[601, 351, 44, 412, 1005, 346, 325, 287, 283, 938, 289, 121, 278, 429, 2003, 583, 2259, 509, 644, 354]"
input,bigram,low-F seen,12206669,1,10,3370,,"[0.9842682480812073, 0.008515588939189911, 0.0024397571105509996, 0.0015752256149426103, 0.0012267868733033538, 0.0011524595320224762, 0.0002737331378739327, 7.842585910111666e-05, 5.737758328905329e-05, 3.9434995414922014e-05, 3.480126542854123e-05, 2.7103253160021268e-05, 2.7103253160021268e-05, 2.2469384930445813e-05, 2.1108033251948655e-05, 1.749917646520771e-05, 1.4507324522128329e-05, 1.3628371561935637e-05, 1.3628371561935637e-05, 1.280266951653175e-05]","[601, 351, 44, 412, 418, 429, 287, 1005, 262, 2259, 583, 4012, 2771, 121, 1898, 2787, 815, 4558, 3320, 540]"
input,bigram,low-F seen,12206669,1,15,5050,,"[0.48725131154060364, 0.33488261699676514, 0.03529636561870575, 0.033157866448163986, 0.02425881288945675, 0.020111264660954475, 0.014713714830577374, 0.00739852013066411, 0.006133588962256908, 0.004215549677610397, 0.0037202092353254557, 0.0034948133397847414, 0.0030841620173305273, 0.0016508330591022968, 0.0016508330591022968, 0.0016508330591022968, 0.0014568549813702703, 0.0011345997918397188, 0.0010658579412847757, 0.0008836272172629833]","[418, 121, 286, 351, 601, 815, 112, 1005, 4510, 287, 262, 412, 44, 80, 3893, 870, 106, 104, 607, 957]"
input,bigram,low-F seen,12206669,1,20,6740,,"[0.7335593104362488, 0.14444638788700104, 0.06021421402692795, 0.019548693671822548, 0.0134356077760458, 0.0134356077760458, 0.0029978894162923098, 0.0018183118663728237, 0.0012497062562033534, 0.0011739903129637241, 0.001102861831896007, 0.0008068709284998477, 0.0008068709284998477, 0.0007120610680431128, 0.0006283917464315891, 0.0004893919685855508, 0.0003580468473955989, 0.0003580468473955989, 0.00027884714654646814, 0.00026195263490080833]","[44, 286, 351, 418, 121, 1005, 4702, 815, 575, 601, 5267, 3376, 313, 412, 7379, 494, 2593, 1461, 1007, 289]"
nogram,bigram,low-F seen,12206669,1,20,6740,,"[0.9525179862976074, 0.039315115660429, 0.001838792348280549, 0.0013452892890200019, 0.0013452892890200019, 0.0008685840293765068, 0.0004102900275029242, 0.00030017460812814534, 0.00026490315212868154, 0.00020630676590371877, 0.00019380728190299124, 0.00011755005834857002, 8.6001462477725e-05, 8.6001462477725e-05, 8.079089457169175e-05, 7.129771984182298e-05, 5.910787876928225e-05, 4.9002159357769415e-05, 4.603326669894159e-05, 4.603326669894159e-05]","[3932, 115, 471, 611, 121, 3818, 8179, 118, 114, 1733, 1266, 2793, 988, 3275, 112, 285, 2962, 277, 2771, 891]"
input,bigram,novel (f=0),6474264,0,1,330,,"[0.09099973738193512, 0.0345396064221859, 0.026899471879005432, 0.02526971511542797, 0.02373870275914669, 0.022300446406006813, 0.020304787904024124, 0.013955262489616871, 0.013525904156267643, 0.011936567723751068, 0.010533984750509262, 0.0102098872885108, 0.0102098872885108, 0.009296208620071411, 0.008464294485747814, 0.007706827484071255, 0.007239894941449165, 0.007127650547772646, 0.006591999437659979, 0.006290129851549864]","[1243, 46, 44, 262, 286, 354, 289, 283, 284, 306, 32, 360, 273, 287, 257, 115, 908, 315, 339, 325]"
input,bigram,novel (f=0),6474264,0,5,1680,,"[0.9757975935935974, 0.004518839530646801, 0.0027408148162066936, 0.002272214973345399, 0.0008359012426808476, 0.0006115583819337189, 0.00046162851504050195, 0.0004336598503869027, 0.00037092893035151064, 0.00034845544723793864, 0.0002713773865252733, 0.00025493543944321573, 0.00024709192803129554, 0.00023948973102960736, 0.00022497975442092866, 0.00021805785945616663, 0.00021805785945616663, 0.00020484640845097601, 0.00019854394486173987, 0.00018077631830237806]","[1243, 283, 1053, 2061, 339, 584, 630, 3837, 6730, 6349, 7423, 6552, 257, 536, 273, 1578, 752, 3981, 644, 388]"
input,bigram,novel (f=0),6474264,0,10,3370,,"[0.31203803420066833, 0.21446038782596588, 0.15690256655216217, 0.10783746093511581, 0.07889556884765625, 0.04785258322954178, 0.042229752987623215, 0.016537409275770187, 0.002873770659789443, 0.002873770659789443, 0.002382439561188221, 0.0022380948066711426, 0.002102495636790991, 0.0006412249058485031, 0.000602375075686723, 0.0005315942107699811, 0.00046913017285987735, 0.00046913017285987735, 0.00041400594636797905, 0.0003224281535949558]","[1053, 1243, 289, 283, 46, 3164, 354, 2651, 6730, 1006, 2720, 351, 339, 284, 7615, 2375, 4033, 1578, 412, 1437]"
input,bigram,novel (f=0),6474264,0,15,5050,,"[0.20440782606601715, 0.20440782606601715, 0.18038927018642426, 0.14954796433448792, 0.10941163450479507, 0.04855111613869667, 0.03134695813059807, 0.016778817400336266, 0.005117250140756369, 0.003303944831714034, 0.002915720921009779, 0.0025731148198246956, 0.0021331871394068003, 0.0020039440132677555, 0.0018825309816747904, 0.0018825309816747904, 0.001661327900364995, 0.0012154533760622144, 0.0008353681187145412, 0.0008353681187145412]","[516, 1912, 696, 718, 2651, 4033, 1053, 584, 1498, 2157, 339, 1243, 676, 630, 351, 1565, 1938, 536, 4405, 1001]"
input,bigram,novel (f=0),6474264,0,20,6740,,"[0.6320832371711731, 0.23253045976161957, 0.0666210800409317, 0.05188455060124397, 0.010216673836112022, 0.001076829619705677, 0.0008927230373956263, 0.0008386356639675796, 0.0004216925008222461, 0.00027226514066569507, 0.00027226514066569507, 0.0002402731479378417, 0.00021204030781518668, 0.00021204030781518668, 0.00021204030781518668, 0.00018712492601480335, 0.00016513714217580855, 0.00016513714217580855, 0.0001551320165162906, 0.0001551320165162906]","[1243, 2651, 339, 1053, 696, 1578, 2627, 261, 6730, 1539, 311, 1612, 745, 276, 1437, 256, 2229, 1565, 630, 624]"
nogram,bigram,novel (f=0),6474264,0,20,6740,,"[0.9999790191650391, 7.411179467453621e-06, 3.0894391329638893e-06, 2.1233383904473158e-06, 1.4593477999369497e-06, 1.0029940540334792e-06, 9.422257107871701e-07, 6.893470754221198e-07, 3.466254838713212e-07, 3.466254838713212e-07, 2.8736258173012175e-07, 2.102389800029414e-07, 2.102389800029414e-07, 1.7429422882742074e-07, 1.4449500440605334e-07, 1.4449500440605334e-07, 1.0571479691634522e-07, 8.233076442820675e-08, 8.233076442820675e-08, 8.233076442820675e-08]","[392, 901, 877, 105, 620, 1012, 436, 97, 2677, 5708, 121, 774, 972, 7761, 1603, 4769, 2120, 554, 7330, 7644]"
