multiplier,actual_multiplier,epoch_batches,epoch,step,seed,status,train_loss,val_loss,gap,run_id,host,source,source_sha256
0.125,0.12462908011869436,42,1,42,42,observed,7.020716667175293,7.03838050365448,0.01766383647918701,s1v5_128_ep20_tri_0p125xL4_3ep_v2_fixed,ophis-gpu,/data4/guoshaoyang/ngram-gap-lab/data/runs_scaling/s1v5_128_ep20_tri_0p125xL4_3ep_v2_fixed/train_log.jsonl,4a26b014a1b26008489cf46586d547dedbd56fb120aedab7f5f1e162128fc51a
0.125,0.12462908011869436,42,2,84,42,observed,5.478962421417236,7.255915999412537,1.7769535779953003,s1v5_128_ep20_tri_0p125xL4_3ep_v2_fixed,ophis-gpu,/data4/guoshaoyang/ngram-gap-lab/data/runs_scaling/s1v5_128_ep20_tri_0p125xL4_3ep_v2_fixed/train_log.jsonl,4a26b014a1b26008489cf46586d547dedbd56fb120aedab7f5f1e162128fc51a
0.125,0.12462908011869436,42,3,126,42,observed,4.692453861236572,7.667166113853455,2.9747122526168823,s1v5_128_ep20_tri_0p125xL4_3ep_v2_fixed,ophis-gpu,/data4/guoshaoyang/ngram-gap-lab/data/runs_scaling/s1v5_128_ep20_tri_0p125xL4_3ep_v2_fixed/train_log.jsonl,4a26b014a1b26008489cf46586d547dedbd56fb120aedab7f5f1e162128fc51a
0.1667,0.1661721068249258,56,1,56,42,observed,6.894913196563721,6.918356895446777,0.02344369888305664,s1v5_128_ep20_tri_0p1667xL4_3ep_v2_fixed,ophis-gpu,/data4/guoshaoyang/ngram-gap-lab/data/runs_scaling/s1v5_128_ep20_tri_0p1667xL4_3ep_v2_fixed/train_log.jsonl,82364b84461fad3e2f6df6cd712aa622dfbd4921eee3caa8567d3cb790467d8d
0.1667,0.1661721068249258,56,2,112,42,observed,5.316666603088379,7.1186360120773315,1.8019694089889526,s1v5_128_ep20_tri_0p1667xL4_3ep_v2_fixed,ophis-gpu,/data4/guoshaoyang/ngram-gap-lab/data/runs_scaling/s1v5_128_ep20_tri_0p1667xL4_3ep_v2_fixed/train_log.jsonl,82364b84461fad3e2f6df6cd712aa622dfbd4921eee3caa8567d3cb790467d8d
0.1667,0.1661721068249258,56,3,168,42,observed,4.106201171875,7.731631398200989,3.6254302263259888,s1v5_128_ep20_tri_0p1667xL4_3ep_v2_fixed,ophis-gpu,/data4/guoshaoyang/ngram-gap-lab/data/runs_scaling/s1v5_128_ep20_tri_0p1667xL4_3ep_v2_fixed/train_log.jsonl,82364b84461fad3e2f6df6cd712aa622dfbd4921eee3caa8567d3cb790467d8d
0.25,0.24925816023738873,84,1,84,42,observed,6.778393268585205,6.770546197891235,-0.007847070693969727,s1v5_128_ep20_tri_0p25xL4_3ep_v2_fixed,ophis-gpu,/data4/guoshaoyang/ngram-gap-lab/data/runs_scaling/s1v5_128_ep20_tri_0p25xL4_3ep_v2_fixed/train_log.jsonl,8a330e45f104f718264a98bb96fef4db575d87cbae7edc274d57ff8bf5452d72
0.25,0.24925816023738873,84,2,168,42,observed,5.302548408508301,6.988963842391968,1.686415433883667,s1v5_128_ep20_tri_0p25xL4_3ep_v2_fixed,ophis-gpu,/data4/guoshaoyang/ngram-gap-lab/data/runs_scaling/s1v5_128_ep20_tri_0p25xL4_3ep_v2_fixed/train_log.jsonl,8a330e45f104f718264a98bb96fef4db575d87cbae7edc274d57ff8bf5452d72
0.25,0.24925816023738873,84,3,252,42,observed,4.133620738983154,7.593010663986206,3.4593899250030518,s1v5_128_ep20_tri_0p25xL4_3ep_v2_fixed,ophis-gpu,/data4/guoshaoyang/ngram-gap-lab/data/runs_scaling/s1v5_128_ep20_tri_0p25xL4_3ep_v2_fixed/train_log.jsonl,8a330e45f104f718264a98bb96fef4db575d87cbae7edc274d57ff8bf5452d72
0.3333,0.3323442136498516,112,1,112,42,observed,6.661591529846191,6.670676231384277,0.009084701538085938,s1v5_128_ep20_tri_0p3333xL4_3ep_v2_fixed,ophis-gpu,/data4/guoshaoyang/ngram-gap-lab/data/runs_scaling/s1v5_128_ep20_tri_0p3333xL4_3ep_v2_fixed/train_log.jsonl,c2760b1795bf0b3b4344fccb5fd3fc133250a5db68b319586ce3292fd4941e9a
0.3333,0.3323442136498516,112,2,224,42,observed,5.243554592132568,6.902571797370911,1.6590172052383423,s1v5_128_ep20_tri_0p3333xL4_3ep_v2_fixed,ophis-gpu,/data4/guoshaoyang/ngram-gap-lab/data/runs_scaling/s1v5_128_ep20_tri_0p3333xL4_3ep_v2_fixed/train_log.jsonl,c2760b1795bf0b3b4344fccb5fd3fc133250a5db68b319586ce3292fd4941e9a
0.3333,0.3323442136498516,112,3,336,42,observed,4.189204216003418,7.478581786155701,3.2893775701522827,s1v5_128_ep20_tri_0p3333xL4_3ep_v2_fixed,ophis-gpu,/data4/guoshaoyang/ngram-gap-lab/data/runs_scaling/s1v5_128_ep20_tri_0p3333xL4_3ep_v2_fixed/train_log.jsonl,c2760b1795bf0b3b4344fccb5fd3fc133250a5db68b319586ce3292fd4941e9a
0.5,0.49851632047477745,168,1,168,42,observed,6.4678168296813965,6.513114333152771,0.04529750347137451,s1v5_128_ep20_tri_0p5xL4_3ep_v2_fixed,ophis-gpu,/data4/guoshaoyang/ngram-gap-lab/data/runs_scaling/s1v5_128_ep20_tri_0p5xL4_3ep_v2_fixed/train_log.jsonl,85bc4f4e0ae8d1fd0d3e64dc15e8c28375b2b99d8c14e921262bcd10221ea248
0.5,0.49851632047477745,168,2,336,42,observed,5.209229469299316,6.672701358795166,1.4634718894958496,s1v5_128_ep20_tri_0p5xL4_3ep_v2_fixed,ophis-gpu,/data4/guoshaoyang/ngram-gap-lab/data/runs_scaling/s1v5_128_ep20_tri_0p5xL4_3ep_v2_fixed/train_log.jsonl,85bc4f4e0ae8d1fd0d3e64dc15e8c28375b2b99d8c14e921262bcd10221ea248
0.5,0.49851632047477745,168,3,504,42,observed,4.160982608795166,7.236068964004517,3.0750863552093506,s1v5_128_ep20_tri_0p5xL4_3ep_v2_fixed,ophis-gpu,/data4/guoshaoyang/ngram-gap-lab/data/runs_scaling/s1v5_128_ep20_tri_0p5xL4_3ep_v2_fixed/train_log.jsonl,85bc4f4e0ae8d1fd0d3e64dc15e8c28375b2b99d8c14e921262bcd10221ea248
0.6667,0.6646884272997032,224,1,224,42,observed,6.41707706451416,6.406816601753235,-0.010260462760925293,s1v5_128_ep20_tri_0p6667xL4_3ep_v2_fixed,ophis-gpu,/data4/guoshaoyang/ngram-gap-lab/data/runs_scaling/s1v5_128_ep20_tri_0p6667xL4_3ep_v2_fixed/train_log.jsonl,593769b9f881cf8587db6314caeb8b84ca9d8e8e82c6eee814e034481f8a5376
0.6667,0.6646884272997032,224,2,448,42,observed,5.306262016296387,6.509634256362915,1.2033722400665283,s1v5_128_ep20_tri_0p6667xL4_3ep_v2_fixed,ophis-gpu,/data4/guoshaoyang/ngram-gap-lab/data/runs_scaling/s1v5_128_ep20_tri_0p6667xL4_3ep_v2_fixed/train_log.jsonl,593769b9f881cf8587db6314caeb8b84ca9d8e8e82c6eee814e034481f8a5376
0.6667,0.6646884272997032,224,3,672,42,observed,4.23069429397583,7.04200804233551,2.81131374835968,s1v5_128_ep20_tri_0p6667xL4_3ep_v2_fixed,ophis-gpu,/data4/guoshaoyang/ngram-gap-lab/data/runs_scaling/s1v5_128_ep20_tri_0p6667xL4_3ep_v2_fixed/train_log.jsonl,593769b9f881cf8587db6314caeb8b84ca9d8e8e82c6eee814e034481f8a5376
0.75,0.7507418397626113,253,1,253,42,observed,6.3927106857299805,6.3406490087509155,-0.05206167697906494,s1v5_128_ep20_tri_0p75xL4_3ep_v2_fixed,ophis-gpu,/data4/guoshaoyang/ngram-gap-lab/data/runs_scaling/s1v5_128_ep20_tri_0p75xL4_3ep_v2_fixed/train_log.jsonl,e350532a73dd0af4f8a69896a2a7a2da944c83a8a4dab47bf2e85b8cdbe94068
0.75,0.7507418397626113,253,2,506,42,observed,5.237800598144531,6.445517897605896,1.2077172994613647,s1v5_128_ep20_tri_0p75xL4_3ep_v2_fixed,ophis-gpu,/data4/guoshaoyang/ngram-gap-lab/data/runs_scaling/s1v5_128_ep20_tri_0p75xL4_3ep_v2_fixed/train_log.jsonl,e350532a73dd0af4f8a69896a2a7a2da944c83a8a4dab47bf2e85b8cdbe94068
0.75,0.7507418397626113,253,3,759,42,observed,4.178362846374512,6.93158757686615,2.753224730491638,s1v5_128_ep20_tri_0p75xL4_3ep_v2_fixed,ophis-gpu,/data4/guoshaoyang/ngram-gap-lab/data/runs_scaling/s1v5_128_ep20_tri_0p75xL4_3ep_v2_fixed/train_log.jsonl,e350532a73dd0af4f8a69896a2a7a2da944c83a8a4dab47bf2e85b8cdbe94068
1.0,1.0,337,1,337,42,observed,6.140771389007568,6.180252313613892,0.03948092460632324,s1v5_128_ep20_tri_1p0xL4_3ep_v2_fixed,ophis-gpu,/data4/guoshaoyang/ngram-gap-lab/data/runs_scaling/s1v5_128_ep20_tri_1p0xL4_3ep_v2_fixed/train_log.jsonl,8f5137a36f82d787165828a10cdad35970019f88fb9511dbe1c10a0aabbd9d6e
1.0,1.0,337,2,674,42,observed,5.152569770812988,6.233742356300354,1.0811725854873657,s1v5_128_ep20_tri_1p0xL4_3ep_v2_fixed,ophis-gpu,/data4/guoshaoyang/ngram-gap-lab/data/runs_scaling/s1v5_128_ep20_tri_1p0xL4_3ep_v2_fixed/train_log.jsonl,8f5137a36f82d787165828a10cdad35970019f88fb9511dbe1c10a0aabbd9d6e
1.0,1.0,337,3,1011,42,observed,4.189825534820557,6.694823980331421,2.5049984455108643,s1v5_128_ep20_tri_1p0xL4_3ep_v2_fixed,ophis-gpu,/data4/guoshaoyang/ngram-gap-lab/data/runs_scaling/s1v5_128_ep20_tri_1p0xL4_3ep_v2_fixed/train_log.jsonl,8f5137a36f82d787165828a10cdad35970019f88fb9511dbe1c10a0aabbd9d6e
1.25,1.2492581602373887,421,1,421,42,observed,6.055895805358887,6.0767502784729,0.020854473114013672,s1v5_128_ep20_tri_1p25xL4_3ep_v2_fixed,ophis-gpu,/data4/guoshaoyang/ngram-gap-lab/data/runs_scaling/s1v5_128_ep20_tri_1p25xL4_3ep_v2_fixed/train_log.jsonl,092ac5827298b2cdd0d21f73ce8c40e56ea8399d2bbccee8deed4e51e2cbfef2
1.25,1.2492581602373887,421,2,842,42,observed,5.036664962768555,6.0920798778533936,1.0554149150848389,s1v5_128_ep20_tri_1p25xL4_3ep_v2_fixed,ophis-gpu,/data4/guoshaoyang/ngram-gap-lab/data/runs_scaling/s1v5_128_ep20_tri_1p25xL4_3ep_v2_fixed/train_log.jsonl,092ac5827298b2cdd0d21f73ce8c40e56ea8399d2bbccee8deed4e51e2cbfef2
1.25,1.2492581602373887,421,3,1263,42,observed,4.13567590713501,6.530545234680176,2.394869327545166,s1v5_128_ep20_tri_1p25xL4_3ep_v2_fixed,ophis-gpu,/data4/guoshaoyang/ngram-gap-lab/data/runs_scaling/s1v5_128_ep20_tri_1p25xL4_3ep_v2_fixed/train_log.jsonl,092ac5827298b2cdd0d21f73ce8c40e56ea8399d2bbccee8deed4e51e2cbfef2
1.5,1.5014836795252227,506,1,506,42,observed,5.964852333068848,5.980498671531677,0.01564633846282959,s1v5_128_ep20_tri_1p5xL4_3ep_v2_fixed,ophis-gpu,/data4/guoshaoyang/ngram-gap-lab/data/runs_scaling/s1v5_128_ep20_tri_1p5xL4_3ep_v2_fixed/train_log.jsonl,882286621a0ca79099e413047edf3343870f8b59f6a436b3266667f4240f5a17
1.5,1.5014836795252227,506,2,1012,42,observed,4.962284564971924,5.93397068977356,0.9716861248016357,s1v5_128_ep20_tri_1p5xL4_3ep_v2_fixed,ophis-gpu,/data4/guoshaoyang/ngram-gap-lab/data/runs_scaling/s1v5_128_ep20_tri_1p5xL4_3ep_v2_fixed/train_log.jsonl,882286621a0ca79099e413047edf3343870f8b59f6a436b3266667f4240f5a17
1.5,1.5014836795252227,506,3,1518,42,observed,4.118436813354492,6.335917592048645,2.217480778694153,s1v5_128_ep20_tri_1p5xL4_3ep_v2_fixed,ophis-gpu,/data4/guoshaoyang/ngram-gap-lab/data/runs_scaling/s1v5_128_ep20_tri_1p5xL4_3ep_v2_fixed/train_log.jsonl,882286621a0ca79099e413047edf3343870f8b59f6a436b3266667f4240f5a17
1.75,1.7507418397626113,590,1,590,42,observed,5.8957061767578125,5.898346662521362,0.0026404857635498047,s1v5_128_ep20_tri_1p75xL4_3ep_v2_fixed,ophis-gpu,/data4/guoshaoyang/ngram-gap-lab/data/runs_scaling/s1v5_128_ep20_tri_1p75xL4_3ep_v2_fixed/train_log.jsonl,00bfade78aada57590dcc7701787c3f0edc954e43656d78e3ab79265337b6383
1.75,1.7507418397626113,590,2,1180,42,observed,4.934942722320557,5.8497196435928345,0.9147769212722778,s1v5_128_ep20_tri_1p75xL4_3ep_v2_fixed,ophis-gpu,/data4/guoshaoyang/ngram-gap-lab/data/runs_scaling/s1v5_128_ep20_tri_1p75xL4_3ep_v2_fixed/train_log.jsonl,00bfade78aada57590dcc7701787c3f0edc954e43656d78e3ab79265337b6383
1.75,1.7507418397626113,590,3,1770,42,observed,4.145453453063965,6.210747957229614,2.0652945041656494,s1v5_128_ep20_tri_1p75xL4_3ep_v2_fixed,ophis-gpu,/data4/guoshaoyang/ngram-gap-lab/data/runs_scaling/s1v5_128_ep20_tri_1p75xL4_3ep_v2_fixed/train_log.jsonl,00bfade78aada57590dcc7701787c3f0edc954e43656d78e3ab79265337b6383
2.0,2.0,674,1,674,42,observed,5.816272258758545,5.81703245639801,0.000760197639465332,s1v5_128_ep20_tri_2p0xL4_3ep_v2_fixed,ophis-gpu,/data4/guoshaoyang/ngram-gap-lab/data/runs_scaling/s1v5_128_ep20_tri_2p0xL4_3ep_v2_fixed/train_log.jsonl,d17805843b948a52e59b2f13022b738cbc7fd8c0d3bc335ca6b417612b427943
2.0,2.0,674,2,1348,42,observed,4.880030155181885,5.743122339248657,0.8630921840667725,s1v5_128_ep20_tri_2p0xL4_3ep_v2_fixed,ophis-gpu,/data4/guoshaoyang/ngram-gap-lab/data/runs_scaling/s1v5_128_ep20_tri_2p0xL4_3ep_v2_fixed/train_log.jsonl,d17805843b948a52e59b2f13022b738cbc7fd8c0d3bc335ca6b417612b427943
2.0,2.0,674,3,2022,42,observed,4.138232231140137,6.12248694896698,1.9842547178268433,s1v5_128_ep20_tri_2p0xL4_3ep_v2_fixed,ophis-gpu,/data4/guoshaoyang/ngram-gap-lab/data/runs_scaling/s1v5_128_ep20_tri_2p0xL4_3ep_v2_fixed/train_log.jsonl,d17805843b948a52e59b2f13022b738cbc7fd8c0d3bc335ca6b417612b427943
2.5,2.4985163204747773,842,1,842,42,observed,5.676766395568848,5.693302750587463,0.016536355018615723,s1v5_128_ep20_tri_2p5xL4_3ep_v2_fixed,ophis-gpu,/data4/guoshaoyang/ngram-gap-lab/data/runs_scaling/s1v5_128_ep20_tri_2p5xL4_3ep_v2_fixed/train_log.jsonl,5367d05e9f92ddf3983696b74861cfbded7288f7c4ca5b288fe34f7c8645008d
2.5,2.4985163204747773,842,2,1684,42,observed,4.822147846221924,5.598711013793945,0.7765631675720215,s1v5_128_ep20_tri_2p5xL4_3ep_v2_fixed,ophis-gpu,/data4/guoshaoyang/ngram-gap-lab/data/runs_scaling/s1v5_128_ep20_tri_2p5xL4_3ep_v2_fixed/train_log.jsonl,5367d05e9f92ddf3983696b74861cfbded7288f7c4ca5b288fe34f7c8645008d
2.5,2.4985163204747773,842,3,2526,42,observed,4.16139030456543,5.8914642333984375,1.7300739288330078,s1v5_128_ep20_tri_2p5xL4_3ep_v2_fixed,ophis-gpu,/data4/guoshaoyang/ngram-gap-lab/data/runs_scaling/s1v5_128_ep20_tri_2p5xL4_3ep_v2_fixed/train_log.jsonl,5367d05e9f92ddf3983696b74861cfbded7288f7c4ca5b288fe34f7c8645008d
3.0,3.0,1011,1,1011,42,observed,5.5706095695495605,5.580431818962097,0.009822249412536621,s1v5_128_ep20_tri_3p0xL4_3ep_v2_fixed,ophis-gpu,/data4/guoshaoyang/ngram-gap-lab/data/runs_scaling/s1v5_128_ep20_tri_3p0xL4_3ep_v2_fixed/train_log.jsonl,2609ad0195e8bbd14bef2e7d43b89234f56042d3639232b8a5acaafe052d2df3
3.0,3.0,1011,2,2022,42,observed,4.771583557128906,5.461489319801331,0.6899057626724243,s1v5_128_ep20_tri_3p0xL4_3ep_v2_fixed,ophis-gpu,/data4/guoshaoyang/ngram-gap-lab/data/runs_scaling/s1v5_128_ep20_tri_3p0xL4_3ep_v2_fixed/train_log.jsonl,2609ad0195e8bbd14bef2e7d43b89234f56042d3639232b8a5acaafe052d2df3
3.0,3.0,1011,3,3033,42,observed,4.194293022155762,5.725533723831177,1.531240701675415,s1v5_128_ep20_tri_3p0xL4_3ep_v2_fixed,ophis-gpu,/data4/guoshaoyang/ngram-gap-lab/data/runs_scaling/s1v5_128_ep20_tri_3p0xL4_3ep_v2_fixed/train_log.jsonl,2609ad0195e8bbd14bef2e7d43b89234f56042d3639232b8a5acaafe052d2df3
4.0,4.0,1348,1,1348,42,observed,5.407290935516357,5.400487899780273,-0.006803035736083984,s1v5_128_ep20_tri_4p0xL4_3ep_v2_fixed,ophis-gpu,/data4/guoshaoyang/ngram-gap-lab/data/runs_scaling/s1v5_128_ep20_tri_4p0xL4_3ep_v2_fixed/train_log.jsonl,67dd10968066208606dc8d4643e173de1347704d638eafdaf4724493bf9c1463
4.0,4.0,1348,2,2696,42,observed,4.694862365722656,5.295562148094177,0.600699782371521,s1v5_128_ep20_tri_4p0xL4_3ep_v2_fixed,ophis-gpu,/data4/guoshaoyang/ngram-gap-lab/data/runs_scaling/s1v5_128_ep20_tri_4p0xL4_3ep_v2_fixed/train_log.jsonl,67dd10968066208606dc8d4643e173de1347704d638eafdaf4724493bf9c1463
4.0,4.0,1348,3,4044,42,observed,4.218301773071289,5.45060920715332,1.2323074340820312,s1v5_128_ep20_tri_4p0xL4_3ep_v2_fixed,ophis-gpu,/data4/guoshaoyang/ngram-gap-lab/data/runs_scaling/s1v5_128_ep20_tri_4p0xL4_3ep_v2_fixed/train_log.jsonl,67dd10968066208606dc8d4643e173de1347704d638eafdaf4724493bf9c1463
6.0,6.0,2022,1,2022,42,observed,5.177127361297607,5.18556547164917,0.0084381103515625,s1v5_128_ep20_tri_6p0xL4_3ep_v2_fixed,ophis-gpu,/data4/guoshaoyang/ngram-gap-lab/data/runs_scaling/s1v5_128_ep20_tri_6p0xL4_3ep_v2_fixed/train_log.jsonl,abb28b14de9aedf73d47743943fb9bb60b6f247ee653f7fef7a273db23ffb86b
6.0,6.0,2022,2,4044,42,observed,4.5361008644104,5.002543568611145,0.46644270420074463,s1v5_128_ep20_tri_6p0xL4_3ep_v2_fixed,ophis-gpu,/data4/guoshaoyang/ngram-gap-lab/data/runs_scaling/s1v5_128_ep20_tri_6p0xL4_3ep_v2_fixed/train_log.jsonl,abb28b14de9aedf73d47743943fb9bb60b6f247ee653f7fef7a273db23ffb86b
6.0,6.0,2022,3,6066,42,observed,4.061948776245117,4.965080976486206,0.9031322002410889,s1v5_128_ep20_tri_6p0xL4_3ep_v2_fixed,ophis-gpu,/data4/guoshaoyang/ngram-gap-lab/data/runs_scaling/s1v5_128_ep20_tri_6p0xL4_3ep_v2_fixed/train_log.jsonl,abb28b14de9aedf73d47743943fb9bb60b6f247ee653f7fef7a273db23ffb86b
8.0,8.0,2696,1,2696,42,observed,4.945834636688232,5.027780771255493,0.08194613456726074,s1v5_128_ep20_tri_8p0xL4_3ep_v2_fixed,ophis-gpu,/data4/guoshaoyang/ngram-gap-lab/data/runs_scaling/s1v5_128_ep20_tri_8p0xL4_3ep_v2_fixed/train_log.jsonl,a1a024c1d3316e3c3fb8153fc3a2f8f720846b1f935747a062474c82bd19ba6c
8.0,8.0,2696,2,5392,42,observed,4.296474933624268,4.747001886367798,0.4505269527435303,s1v5_128_ep20_tri_8p0xL4_3ep_v2_fixed,ophis-gpu,/data4/guoshaoyang/ngram-gap-lab/data/runs_scaling/s1v5_128_ep20_tri_8p0xL4_3ep_v2_fixed/train_log.jsonl,a1a024c1d3316e3c3fb8153fc3a2f8f720846b1f935747a062474c82bd19ba6c
8.0,8.0,2696,3,8088,42,observed,3.725691080093384,4.396137237548828,0.6704461574554443,s1v5_128_ep20_tri_8p0xL4_3ep_v2_fixed,ophis-gpu,/data4/guoshaoyang/ngram-gap-lab/data/runs_scaling/s1v5_128_ep20_tri_8p0xL4_3ep_v2_fixed/train_log.jsonl,a1a024c1d3316e3c3fb8153fc3a2f8f720846b1f935747a062474c82bd19ba6c
10.0,10.0,3370,1,3370,42,observed,4.9905877113342285,4.91723370552063,-0.07335400581359863,s1v5_128_ep20_tri_10p0xL4_3ep_v2_fixed,ophis-gpu,/data4/guoshaoyang/ngram-gap-lab/data/runs_scaling/s1v5_128_ep20_tri_10p0xL4_3ep_v2_fixed/train_log.jsonl,3308019705fd617e484403c8433ae0a7afadd7c0c8bf46905dca1c6e030a1ef8
10.0,10.0,3370,2,6740,42,observed,4.162217140197754,4.308148145675659,0.14593100547790527,s1v5_128_ep20_tri_10p0xL4_3ep_v2_fixed,ophis-gpu,/data4/guoshaoyang/ngram-gap-lab/data/runs_scaling/s1v5_128_ep20_tri_10p0xL4_3ep_v2_fixed/train_log.jsonl,3308019705fd617e484403c8433ae0a7afadd7c0c8bf46905dca1c6e030a1ef8
10.0,10.0,3370,3,10110,42,observed,3.6636040210723877,4.016181707382202,0.35257768630981445,s1v5_128_ep20_tri_10p0xL4_3ep_v2_fixed,ophis-gpu,/data4/guoshaoyang/ngram-gap-lab/data/runs_scaling/s1v5_128_ep20_tri_10p0xL4_3ep_v2_fixed/train_log.jsonl,3308019705fd617e484403c8433ae0a7afadd7c0c8bf46905dca1c6e030a1ef8
15.0,15.0,5055,1,5055,42,observed,4.533408164978027,4.603249430656433,0.06984126567840576,s1v5_128_ep20_tri_15p0xL4_3ep_v2_fixed,ophis-gpu,/data4/guoshaoyang/ngram-gap-lab/data/runs_scaling/s1v5_128_ep20_tri_15p0xL4_3ep_v2_fixed/train_log.jsonl,a7016cc4af1d60851467eb0e1ebd09e44251b0993ecfb1756d940f867f926ed5
15.0,15.0,5055,2,10110,42,observed,3.6184093952178955,3.8050206899642944,0.18661129474639893,s1v5_128_ep20_tri_15p0xL4_3ep_v2_fixed,ophis-gpu,/data4/guoshaoyang/ngram-gap-lab/data/runs_scaling/s1v5_128_ep20_tri_15p0xL4_3ep_v2_fixed/train_log.jsonl,a7016cc4af1d60851467eb0e1ebd09e44251b0993ecfb1756d940f867f926ed5
15.0,15.0,5055,3,15165,42,pending,,,,s1v5_128_ep20_tri_15p0xL4_3ep_v2_fixed,ophis-gpu,/data4/guoshaoyang/ngram-gap-lab/data/runs_scaling/s1v5_128_ep20_tri_15p0xL4_3ep_v2_fixed/train_log.jsonl,a7016cc4af1d60851467eb0e1ebd09e44251b0993ecfb1756d940f867f926ed5
20.0,20.0,6740,1,6740,42,observed,4.127562046051025,4.165612816810608,0.03805077075958252,s1v5_128_ep20_tri_20p0xL4_3ep_v2_fixed,ophis-gpu,/data4/guoshaoyang/ngram-gap-lab/data/runs_scaling/s1v5_128_ep20_tri_20p0xL4_3ep_v2_fixed/train_log.jsonl,b2fe94b66140cbfa94985c2a826e49bb2ea961184cf4df38528c3f9423985ed7
20.0,20.0,6740,2,13480,42,pending,,,,s1v5_128_ep20_tri_20p0xL4_3ep_v2_fixed,ophis-gpu,/data4/guoshaoyang/ngram-gap-lab/data/runs_scaling/s1v5_128_ep20_tri_20p0xL4_3ep_v2_fixed/train_log.jsonl,b2fe94b66140cbfa94985c2a826e49bb2ea961184cf4df38528c3f9423985ed7
20.0,20.0,6740,3,20220,42,pending,,,,s1v5_128_ep20_tri_20p0xL4_3ep_v2_fixed,ophis-gpu,/data4/guoshaoyang/ngram-gap-lab/data/runs_scaling/s1v5_128_ep20_tri_20p0xL4_3ep_v2_fixed/train_log.jsonl,b2fe94b66140cbfa94985c2a826e49bb2ea961184cf4df38528c3f9423985ed7
