run_id,summary_path,steps,seed,final_train_loss,final_val_loss,final_gap,sha256
blrabs_input_lr0p00006_tlr0p0768_3k_fixed,/tmp/ngram_gap_remote_summaries/blrabs_input_lr0p00006_tlr0p0768_3k_fixed/summary.json,3000,42,1.956889271736145,6.021789789199829,4.064900517463684,97a7f3da94a9c0b7bffd1427011db18035a0042899e5d4f37638d7b660229b90
blrabs_nogram_lr0p00006_tlr0p0768_3k_fixed,/tmp/ngram_gap_remote_summaries/blrabs_nogram_lr0p00006_tlr0p0768_3k_fixed/summary.json,3000,42,3.7062110900878906,3.745879590511322,0.039668500423431396,9ca70aa4d76b0ea562feede8c7cc31fac0424f7fa825c610de40222196190f3a
blrabs_nogram_lr0p0001_tlr0p0768_3k_fixed,/tmp/ngram_gap_remote_summaries/blrabs_nogram_lr0p0001_tlr0p0768_3k_fixed/summary.json,3000,42,3.4173452854156494,3.512363016605377,0.09501773118972778,14b2897cd539ab577acce035bb2227e7c3651e1a39b90d3848ca6c86415e414d
blrv5_input_lr0p0040_fixed,/tmp/ngram_gap_remote_summaries/blrv5_input_lr0p0040_fixed/summary.json,1000,42,3.1102709770202637,5.405237913131714,2.29496693611145,2a105ec040ce7aaa309891c25b499786d87a1741822282bf996beddf1acd76d6
blrv5_nogram_lr0p0001_fixed,/tmp/ngram_gap_remote_summaries/blrv5_nogram_lr0p0001_fixed/summary.json,1000,42,4.65313196182251,4.688598990440369,0.03546702861785889,396340f3f2cc56742a63899f4bd3cfeb5dde8c023cf748cc67548db4131096e7
causalv5c_hash_reseed_e1e2_fixed,/tmp/ngram_gap_remote_summaries/causalv5c_hash_reseed_e1e2_fixed/summary.json,1000,42,4.304174900054932,4.372771978378296,0.06859707832336426,7ab948b2691368ca7a79a25faa9b8e3d531f73c7f612b0ad3148bb258bd9f70e
causalv5m2_mask_high_t100_e1_fixed,/tmp/ngram_gap_remote_summaries/causalv5m2_mask_high_t100_e1_fixed/summary.json,1000,42,3.5317556858062744,6.3174155950546265,2.785659909248352,27ca69ac8a6a50d09470fb8f355050c708f2f104b9d3f34e9f2ae359a6fc5dff
causalv5m2_mask_high_t10_e1_fixed,/tmp/ngram_gap_remote_summaries/causalv5m2_mask_high_t10_e1_fixed/summary.json,1000,42,4.265463352203369,6.556099772453308,2.290636420249939,ce6584a0f0e4034478b16b64ee3591ad49e693868fe3c3e6974c1220089bdcef
causalv5m2_mask_high_t12800_e1_fixed,/tmp/ngram_gap_remote_summaries/causalv5m2_mask_high_t12800_e1_fixed/summary.json,1000,42,2.568190813064575,5.290515184402466,2.7223243713378906,cbf36cc9d284f2b2e67b03705df75959a648972ee566efc76821e18b38523a2e
causalv5m2_mask_high_t1600_e1_fixed,/tmp/ngram_gap_remote_summaries/causalv5m2_mask_high_t1600_e1_fixed/summary.json,1000,42,2.701673746109009,5.461633086204529,2.75995934009552,4f590a5c30c8d4b4fee53f5b6a4a86890f6cc9310975722ded0c357f8d1d3e94
causalv5m2_mask_high_t1_e1_fixed,/tmp/ngram_gap_remote_summaries/causalv5m2_mask_high_t1_e1_fixed/summary.json,1000,42,3.8670740127563477,5.794087886810303,1.927013874053955,c7fcd0b603e7b45d89da612018d08d1312ebfdfddd0eb296d34df27c1928f474
causalv5m2_mask_high_t25_e1_fixed,/tmp/ngram_gap_remote_summaries/causalv5m2_mask_high_t25_e1_fixed/summary.json,1000,42,4.057047367095947,6.6152663230896,2.5582189559936523,3878710a48e92b25c8aae668b3b8b0adc53d02fd90dba70bc45cccc78429fdd5
causalv5m2_mask_high_t2_e1_fixed,/tmp/ngram_gap_remote_summaries/causalv5m2_mask_high_t2_e1_fixed/summary.json,1000,42,4.209877014160156,5.962140202522278,1.7522631883621216,f7744789e7fd3167b715c3f2aff036c37299ed0ab2dc18b14413099a78c018e3
causalv5m2_mask_high_t3200_e1_fixed,/tmp/ngram_gap_remote_summaries/causalv5m2_mask_high_t3200_e1_fixed/summary.json,1000,42,2.6058590412139893,5.3579689264297485,2.7521098852157593,0bdec840d6c726a13a2541cf66ff0beeb8b05ab4c919ffb1fa391a85030053e7
causalv5m2_mask_high_t400_e1_fixed,/tmp/ngram_gap_remote_summaries/causalv5m2_mask_high_t400_e1_fixed/summary.json,1000,42,3.0544469356536865,5.8479249477386475,2.793478012084961,e8a97fe68fcedd51d4c40eb5c124b41234efe951a21f4170968dcaf3ec460307
causalv5m2_mask_high_t50_e1_fixed,/tmp/ngram_gap_remote_summaries/causalv5m2_mask_high_t50_e1_fixed/summary.json,1000,42,3.808650493621826,6.536519169807434,2.727868676185608,550d70789090553f687c880b82337c459490688914eab263a7fb91e528f33e4d
causalv5m2_mask_high_t5_e1_fixed,/tmp/ngram_gap_remote_summaries/causalv5m2_mask_high_t5_e1_fixed/summary.json,1000,42,4.362411022186279,6.3851776123046875,2.022766590118408,b94171ec48f12ade1b2320d74b1128462bb2482270b1e1168e04a2ef3cb13949
causalv5m2_mask_high_t6400_e1_fixed,/tmp/ngram_gap_remote_summaries/causalv5m2_mask_high_t6400_e1_fixed/summary.json,1000,42,2.5976037979125977,5.328772664070129,2.7311688661575317,3154f75d603c973cd7d80651470c7be848c3e19a17afe9e5fef10c788ee53060
causalv5m2_mask_high_t800_e1_fixed,/tmp/ngram_gap_remote_summaries/causalv5m2_mask_high_t800_e1_fixed/summary.json,1000,42,2.800626516342163,5.584164023399353,2.78353750705719,79c04cae54a727f1320827a5883c3b46c2924661ba190ca71b4154d04ae2ab73
causalv5m3_freeze_backbone_e1_fixed,/tmp/ngram_gap_remote_summaries/causalv5m3_freeze_backbone_e1_fixed/summary.json,2022,42,3.2794368267059326,4.864703416824341,1.5852665901184082,95a160ad4411f385673b00c074728400b9d7d36a3bbec7de2a5f57527aacb3dc
causalv5m3_freeze_backbone_e2_fixed,/tmp/ngram_gap_remote_summaries/causalv5m3_freeze_backbone_e2_fixed/summary.json,2022,42,2.407165050506592,4.911867618560791,2.504702568054199,89aadc0249c84f4ac080b5786a5b12c2c998062ec306c22ac9474955ff3c5223
causalv5m3_freeze_backbone_e3_fixed,/tmp/ngram_gap_remote_summaries/causalv5m3_freeze_backbone_e3_fixed/summary.json,2022,42,1.8755168914794922,5.2642316818237305,3.3887147903442383,f97e0eb388588539c6f127afc95746b031063879e805d95cc2a903f50cea95f5
causalv5m3_freeze_table_e2_fixed,/tmp/ngram_gap_remote_summaries/causalv5m3_freeze_table_e2_fixed/summary.json,2022,42,1.1800020933151245,6.566040635108948,5.386038541793823,6248b311a2a03b05e0eb10a83496a9f72136c457c132a534f414413d559baf63
causalv5m3_hash_reseed_e2_fixed,/tmp/ngram_gap_remote_summaries/causalv5m3_hash_reseed_e2_fixed/summary.json,2022,42,1.6413183212280273,5.843042969703674,4.201724648475647,524ed441afe010c4db4d53a1aba47dbdbd2f74d55b1a39ca8bd1da6bde940cf0
causalv5m3_hash_reseed_e2e3_fixed,/tmp/ngram_gap_remote_summaries/causalv5m3_hash_reseed_e2e3_fixed/summary.json,2022,42,2.1763055324554443,5.0576560497283936,2.881350517272949,6dcd8076c636b076428e01ed2c930a599bbf19d0cdab5e7eeb6a4efe34d339d9
causalv5m3_none_2022_fixed,/tmp/ngram_gap_remote_summaries/causalv5m3_none_2022_fixed/summary.json,2022,42,1.21834135055542,6.9514487981796265,5.7331074476242065,4f3e3d1c0a71c207aec0856a43c7902d848b5307e8292813371421bf9d68a86e
causalv5m3_wd03_fixed,/tmp/ngram_gap_remote_summaries/causalv5m3_wd03_fixed/summary.json,2022,42,1.2835602760314941,6.892573595046997,5.609013319015503,6e8e5135c21c5b5d24faf10e6a2193726e153aad79518f9239e198cf9af59814
causalv5m3_wd0_fixed,/tmp/ngram_gap_remote_summaries/causalv5m3_wd0_fixed/summary.json,2022,42,1.1680973768234253,7.000999569892883,5.832902193069458,d252c0e16370da0e6b8526bd5b37b7886506486dc3f880071e106abe00f634ba
causalv5m_mask_high_t0_e1_128x_fixed,/tmp/ngram_gap_remote_summaries/causalv5m_mask_high_t0_e1_128x_fixed/summary.json,1000,42,3.860978364944458,5.79208517074585,1.9311068058013916,f15b52eb84c8ca093313fb73722fc3b347b6c2378c0b01c750aa374edffdf729
causalv5m_mask_high_t10_e1_128x_fixed,/tmp/ngram_gap_remote_summaries/causalv5m_mask_high_t10_e1_128x_fixed/summary.json,1000,42,4.264360427856445,6.5983476638793945,2.333987236022949,d91bdc2436514c70a0d616e9c7e1b36df2504bb2b3081de02f0faf3f41926613
causalv5m_mask_high_t1_e1_128x_fixed,/tmp/ngram_gap_remote_summaries/causalv5m_mask_high_t1_e1_128x_fixed/summary.json,1000,42,4.214796543121338,5.971554160118103,1.7567576169967651,68d8329f38e8c60b1164eaf76aa09cfe2c80e626e282e17ed2d639fa8e3f9b45
causalv5m_mask_high_t25_e1_128x_fixed,/tmp/ngram_gap_remote_summaries/causalv5m_mask_high_t25_e1_128x_fixed/summary.json,1000,42,4.037691593170166,6.637901663780212,2.6002100706100464,83fcdebbb288a551e1d123cfb0f2b928f12d9471f918ed6c0b7378d95e48950b
causalv5m_mask_high_t2_e1_128x_fixed,/tmp/ngram_gap_remote_summaries/causalv5m_mask_high_t2_e1_128x_fixed/summary.json,1000,42,4.271073818206787,6.19973361492157,1.9286597967147827,3367a9af018fa6f2ceca2793679d340eac63d1b985a6d74f7341a55197a14458
causalv5m_mask_high_t50_e1_128x_fixed,/tmp/ngram_gap_remote_summaries/causalv5m_mask_high_t50_e1_128x_fixed/summary.json,1000,42,3.7948803901672363,6.480495929718018,2.6856155395507812,c0c1506fd371b68f2fbe626c06549335ba5e1c800a0a1330144328cc13a76348
causalv5m_mask_high_t5_e1_128x_fixed,/tmp/ngram_gap_remote_summaries/causalv5m_mask_high_t5_e1_128x_fixed/summary.json,1000,42,4.281881332397461,6.449177145957947,2.167295813560486,a92f71c5c39c82a4f0f9755d010ff3623e4162c2f02a794a11cb3b6ed4637549
causalv5m_mask_low_le0_e1_fixed,/tmp/ngram_gap_remote_summaries/causalv5m_mask_low_le0_e1_fixed/summary.json,1000,42,2.5225472450256348,5.467735052108765,2.94518780708313,f080236209fb533a142f8db941cff49d80080e9321e7e3644c95e919ef989ff3
causalv5m_mask_low_le1_e1_fixed,/tmp/ngram_gap_remote_summaries/causalv5m_mask_low_le1_e1_fixed/summary.json,1000,42,2.975395917892456,4.553665637969971,1.5782697200775146,ec3c406618843a4e3079501430f5c412d6c5b63674c07d818277b271cd12d09f
causalv5m_mask_low_le2_e1_fixed,/tmp/ngram_gap_remote_summaries/causalv5m_mask_low_le2_e1_fixed/summary.json,1000,42,3.0736312866210938,4.393572688102722,1.3199414014816284,8d791fce90696baac6cc70c4193c7552597a0904a1ad6ece0a2a4a94e6fea39a
causalv5m_mask_low_le4_e1_fixed,/tmp/ngram_gap_remote_summaries/causalv5m_mask_low_le4_e1_fixed/summary.json,1000,42,3.185654878616333,4.231393575668335,1.045738697052002,3b8c452b1225945b97650ee6c1984fb98d783fe634be66e4cbcf36eccb3b77a0
causalv5m_mask_low_le8_e1_fixed,/tmp/ngram_gap_remote_summaries/causalv5m_mask_low_le8_e1_fixed/summary.json,1000,42,3.354645252227783,4.119204878807068,0.7645596265792847,42f50fda678a5486d9bb9c17d1cf70033ebf85aa3b28f3ff50f3b0cbd87d4e1f
ctbl_dim12_input_v5_128x_fixed,/tmp/ngram_gap_remote_summaries/ctbl_dim12_input_v5_128x_fixed/summary.json,1000,42,3.7022409439086914,3.882005274295807,0.17976433038711548,b2f741ba45acefebf5f914647d9a8131590ae84c8a4e39d6d54dd4162c2ce649
ctbl_dim12_input_v5_fixed,/tmp/ngram_gap_remote_summaries/ctbl_dim12_input_v5_fixed/summary.json,1000,42,3.548036813735962,3.7054584622383118,0.15742164850234985,e1af687980596a307c8f8369348178bfbc3a89b687dc48f50a019731b17d4b78
ctbl_dim192_input_v5_128x_fixed,/tmp/ngram_gap_remote_summaries/ctbl_dim192_input_v5_128x_fixed/summary.json,1000,42,3.085264205932617,4.542907238006592,1.4576430320739746,8b0865f76f3cc827c7fff2f4189c9643a9dd3da94d5db8378e2a9b7317bdd58e
ctbl_dim48_input_v5_128x_fixed,/tmp/ngram_gap_remote_summaries/ctbl_dim48_input_v5_128x_fixed/summary.json,1000,42,3.5171682834625244,4.069447159767151,0.5522788763046265,262c131f6df08925a67717f77171b7e8f87b7ab04ff122e1d48cb2d0c7b44ac3
ctbl_dim48_input_v5_fixed,/tmp/ngram_gap_remote_summaries/ctbl_dim48_input_v5_fixed/summary.json,1000,42,3.443223714828491,3.8067869544029236,0.3635632395744324,0ff663425f7f472094193f66c189774e9b59f1fddb06fa386f908e9b78e53568
ctbl_dim768_input_v5_128x_fixed,/tmp/ngram_gap_remote_summaries/ctbl_dim768_input_v5_128x_fixed/summary.json,1000,42,2.5299298763275146,5.272212505340576,2.7422826290130615,3296e9f7d4af097d2ef6dacc2ca37dd29a9cf22cb893e5637a88cea65133e85e
ffqv5_freeze_backbone_e2_10ep_fixed,/tmp/ngram_gap_remote_summaries/ffqv5_freeze_backbone_e2_10ep_fixed/summary.json,3370,42,2.2359519004821777,4.9627238512039185,2.7267719507217407,9012a482edf24e2aff0920f1c43bd43a86d6069e0ba407c80663f4e2d347144b
ffqv5_freeze_both_e2_10ep_fixed,/tmp/ngram_gap_remote_summaries/ffqv5_freeze_both_e2_10ep_fixed/summary.json,3370,42,1.6897550821304321,4.76564359664917,3.075888514518738,89ba1a2720fa81a76a5e9a2018a5f8ba4d6acafc0d2dbfb164c0d375cf027355
ffqv5_freeze_table_e2_10ep_fixed,/tmp/ngram_gap_remote_summaries/ffqv5_freeze_table_e2_10ep_fixed/summary.json,3370,42,1.0543619394302368,7.4534783363342285,6.399116396903992,95432a2413ba51a1634a2895cbd1f4b528af63b30453f50ff9fd5977c428f045
mixv5_tri_mixed_3pass_fixed,/tmp/ngram_gap_remote_summaries/mixv5_tri_mixed_3pass_fixed/summary.json,1011,42,4.18097448348999,6.469000697135925,2.288026213645935,f7c788174e77cd09f57b82c0e14b38593dc8e8920164c8b5bda8d4f8fb8e5076
mixv5_tri_replay_3pass_fixed,/tmp/ngram_gap_remote_summaries/mixv5_tri_replay_3pass_fixed/summary.json,1011,42,4.224300861358643,6.698097229003906,2.4737963676452637,4a8079ef42965c0603a3d82dcbec2d958bf136cd9e99eceb7de6bbd2f71dd9a9
mlv5_v_L1357_fd_fixed,/tmp/ngram_gap_remote_summaries/mlv5_v_L1357_fd_fixed/summary.json,2000,42,0.16403277218341827,7.227649211883545,7.063616439700127,e8d1597423889b794d2c98380b12fa608c5488aa1eb53cc9bf037c4c6c836e97
mlv5_v_L17_fd_fixed,/tmp/ngram_gap_remote_summaries/mlv5_v_L17_fd_fixed/summary.json,2000,42,0.28972724080085754,7.507278680801392,7.217551440000534,777ce92e01da8b3c18d41f73f8927363349caa46c0790b851a4eaf85ef488998
mlv5_y_L1357_fd_fixed,/tmp/ngram_gap_remote_summaries/mlv5_y_L1357_fd_fixed/summary.json,2000,42,1.2592159509658813,6.515429615974426,5.256213665008545,7a018dad6315c8784a82926d48f0d839e929588c6407bc396568035c190edd25
mlv5_y_L17_fd_fixed,/tmp/ngram_gap_remote_summaries/mlv5_y_L17_fd_fixed/summary.json,2000,42,1.2581783533096313,6.425920009613037,5.167741656303406,3ef928082abe25e3cbdabe9a6dced33b1105b882b375211747b97f2a6e014bef
netv5_input_lastep_128x_fixed,/tmp/ngram_gap_remote_summaries/netv5_input_lastep_128x_fixed/summary.json,2000,42,4.150502681732178,4.169816017150879,0.019313335418701172,f89b9840be13f26664ec3cd21f6c453537ef5744e814beea040ab04951eb5e18
netv5_input_masklowf8_e0_128x_fixed,/tmp/ngram_gap_remote_summaries/netv5_input_masklowf8_e0_128x_fixed/summary.json,2000,42,2.34704327583313,4.674069404602051,2.327026128768921,274ee21cff28e0b7b3b7d6207fd5bbb23efa401ec0670b037b5ae364237a01a4
netv5_input_reseed_eall_128x_fixed,/tmp/ngram_gap_remote_summaries/netv5_input_reseed_eall_128x_fixed/summary.json,2000,42,4.114401340484619,4.155503869056702,0.04110252857208252,66d7569adfb6d1bce34ca1183715c727fe4e5210c9ff1a88939e275a9365dae7
netv5_v_lastep_128x_fixed,/tmp/ngram_gap_remote_summaries/netv5_v_lastep_128x_fixed/summary.json,2000,42,3.1672871112823486,3.354632079601288,0.1873449683189392,96c38999efb46f7210e42bb0a1fa7127ac1105c0efd6bf78bd69bddb19b624b1
netv5_v_masklowf8_e0_128x_fixed,/tmp/ngram_gap_remote_summaries/netv5_v_masklowf8_e0_128x_fixed/summary.json,2000,42,1.3678070306777954,6.019071817398071,4.651264786720276,6ef3804e4686d969804d574c8aea1cd67f3f9e9c8ec617d7ccbeddc3482b4b7d
netv5_v_reseed_eall_128x_fixed,/tmp/ngram_gap_remote_summaries/netv5_v_reseed_eall_128x_fixed/summary.json,2000,42,3.0209994316101074,3.2170762419700623,0.19607681035995483,4476b8a0e448a2ddff16c15f683dc9eebbc2ed1d3255aa377542b9e67773467c
netv5_y_lastep_128x_fixed,/tmp/ngram_gap_remote_summaries/netv5_y_lastep_128x_fixed/summary.json,2000,42,3.131845235824585,3.3557795882225037,0.2239343523979187,c0f3f4f2983af5b5bf8954fc245c5c2cf91203a22cdde077ebdb58b9aa60d962
netv5_y_masklowf8_e0_128x_fixed,/tmp/ngram_gap_remote_summaries/netv5_y_masklowf8_e0_128x_fixed/summary.json,2000,42,2.224104166030884,4.582374811172485,2.3582706451416016,dc0d363edb0b019d627e20fac9f5ac50ee2e1ba578b7116e9fe4fbfb2cbe0ce8
netv5_y_reseed_eall_128x_fixed,/tmp/ngram_gap_remote_summaries/netv5_y_reseed_eall_128x_fixed/summary.json,2000,42,3.074653148651123,3.2403990030288696,0.16574585437774658,183389ecaa980155b46266aaa06697a9097e005caa4b0a5ef63a0bb4bc818c7b
nglab0_25x_input_v2_fixed,/tmp/ngram_gap_remote_summaries/nglab0_25x_input_v2_fixed/summary.json,2000,42,0.049358535557985306,16.347569942474365,16.29821140691638,33d6d361a01543482505ff6dd50f7201d1b4fe34a54bd0756295480ea4aac52b
nglab0_5x_input_v2_fixed,/tmp/ngram_gap_remote_summaries/nglab0_5x_input_v2_fixed/summary.json,2000,42,2.0347537994384766,7.204279899597168,5.169526100158691,e640c88b356025c7b52d5918b3b90754072cd6103ac5e3c7342496e0de48b841
nglab0_75x_input_v2_fixed,/tmp/ngram_gap_remote_summaries/nglab0_75x_input_v2_fixed/summary.json,2000,42,2.3476192951202393,5.690224885940552,3.3426055908203125,aa8ea3cbe4f11dc96cf40219dd918ce1431720da692ada47cc9a85158d3d0413
nglab0_75x_input_v5_freq10_fixed,/tmp/ngram_gap_remote_summaries/nglab0_75x_input_v5_freq10_fixed/summary.json,2000,42,0.3503969609737396,8.142682313919067,7.792285352945328,ce1769403adfa7e6908ef18c36e03fc4ed88a97f9cdbbb135f120f767a57c15e
nglab1_5x_input_v5_freq10_fixed,/tmp/ngram_gap_remote_summaries/nglab1_5x_input_v5_freq10_fixed/summary.json,2000,42,2.0809805393218994,4.598135352134705,2.517154812812805,071318f0b3608d44bf950dc64e126390dda6508849f0c6158118834ab0c865b7
nglab1x_freeze_backbone_e1_v5_fixed,/tmp/ngram_gap_remote_summaries/nglab1x_freeze_backbone_e1_v5_fixed/summary.json,1000,42,3.73301362991333,4.567154884338379,0.8341412544250488,59bbff2a7f6b5bdaa1024da117269b7e3dd3e817fceb4a607b7281d26a851f8e
nglab1x_freeze_table_e1_v5_fixed,/tmp/ngram_gap_remote_summaries/nglab1x_freeze_table_e1_v5_fixed/summary.json,1000,42,3.1891376972198486,4.306702733039856,1.1175650358200073,f1d1499748c436faeff733ae60937f13c0af817b44dff5cab7d28235213c62d8
nglab1x_input_v2_fixed,/tmp/ngram_gap_remote_summaries/nglab1x_input_v2_fixed/summary.json,2000,42,1.6058354377746582,6.8136595487594604,5.207824110984802,f061d9c41410e1d0f6c2a6f3835714839a0a5e2d7e39afd07d5c85c97d64334a
nglab1x_input_v3_fixed,/tmp/ngram_gap_remote_summaries/nglab1x_input_v3_fixed/summary.json,2000,42,1.572961449623108,6.957916975021362,5.384955525398254,29d638dddcc7923c57697db5438a51764060760fd0dcd2c005f2bdb2f1bc077e
nglab1x_input_v4_fixed,/tmp/ngram_gap_remote_summaries/nglab1x_input_v4_fixed/summary.json,2000,42,6.426480770111084,6.477046847343445,0.05056607723236084,4c777c5b8ac30023b423a78bdf897b246696b84c1094e179e34f72b5094556e4
nglab1x_input_v5_fixed,/tmp/ngram_gap_remote_summaries/nglab1x_input_v5_fixed/summary.json,2000,42,0.8932331800460815,6.634589076042175,5.741355895996094,5f998c98a8d9be020f5912b524b17ee1de5266c070c9fe48b37a3ce352b835e1
nglab1x_input_v5_s43_fixed,/tmp/ngram_gap_remote_summaries/nglab1x_input_v5_s43_fixed/summary.json,2000,43,0.8509605526924133,6.6619648933410645,5.811004340648651,ab09a44255e710e67bd2e525f580c978c48d40bd7eeab9042f02310a93982712
nglab1x_input_v5_s44_fixed,/tmp/ngram_gap_remote_summaries/nglab1x_input_v5_s44_fixed/summary.json,2000,44,0.951528787612915,6.466861009597778,5.515332221984863,b885b9e1f87e047e223d94c3e633e639538ea995836c2567716b33d311b52bbc
nglab1x_mask_e1_v5_fixed,/tmp/ngram_gap_remote_summaries/nglab1x_mask_e1_v5_fixed/summary.json,1000,42,3.665454387664795,3.686643123626709,0.021188735961914062,7ecf56b0a21a165a401e1ad9d1fbc77a21077b581281efa804b6b9b497e73ec5
nglab1x_nogram_v2_fixed,/tmp/ngram_gap_remote_summaries/nglab1x_nogram_v2_fixed/summary.json,2000,42,2.983835220336914,3.2345635294914246,0.2507283091545105,d815fbbcf7e51ed2d9fe689dabac226c23f103f6ebc7b9531b7795ca10379961
nglab1x_nogram_v3_fixed,/tmp/ngram_gap_remote_summaries/nglab1x_nogram_v3_fixed/summary.json,2000,42,3.019618034362793,3.251168966293335,0.231550931930542,fbaf624b754f47404176d112140e799ebf9b8f5acbe3004cc75420b9aa06ac38
nglab1x_nogram_v4_fixed,/tmp/ngram_gap_remote_summaries/nglab1x_nogram_v4_fixed/summary.json,2000,42,6.439652442932129,6.450340509414673,0.010688066482543945,d539098c22361b68052fc08774bde5ce8f42f4bcbee1528fb9f02cca8695fc7e
nglab1x_nogram_v5_fixed,/tmp/ngram_gap_remote_summaries/nglab1x_nogram_v5_fixed/summary.json,2000,42,3.080035448074341,3.325143575668335,0.24510812759399414,9da347cbc52b94bccb310c4fbfa70b9e39b0fb3ed8e5785a53c5b129e1ae3c0b
nglab1x_nogram_v5_s43_fixed,/tmp/ngram_gap_remote_summaries/nglab1x_nogram_v5_s43_fixed/summary.json,2000,43,3.0805482864379883,3.3335896730422974,0.2530413866043091,b9b6d08072415f0026be3144a14f29e5d27f06cedfb9e6c6794e42e7129df38e
nglab1x_nogram_v5_s44_fixed,/tmp/ngram_gap_remote_summaries/nglab1x_nogram_v5_s44_fixed/summary.json,2000,44,3.073143482208252,3.3265103101730347,0.2533668279647827,83bb403b20ba2aa55415943a35686879221b88ced6e454b4878e229d7ebcf24e
nglab1x_reset_e1_v5_fixed,/tmp/ngram_gap_remote_summaries/nglab1x_reset_e1_v5_fixed/summary.json,1000,42,3.3104074001312256,4.018979489803314,0.7085720896720886,d7aa4112de29179bd55db884eb6d592859c3f67c4ed7722d237562ad79e04ff2
nglab1x_reset_e2_v5_fixed,/tmp/ngram_gap_remote_summaries/nglab1x_reset_e2_v5_fixed/summary.json,1000,42,3.676490068435669,3.7432764172554016,0.06678634881973267,6f7095a3b031df9c98e1645765531cb26c57ee20a337fb912b82483f52315350
nglab1x_v_v2_fixed,/tmp/ngram_gap_remote_summaries/nglab1x_v_v2_fixed/summary.json,2000,42,0.9414857029914856,7.0669026374816895,6.125416934490204,86f0e590624c14cee66b10c5922f4ae14126d080c986fab8a88702679ac6d25c
nglab1x_v_v3_fixed,/tmp/ngram_gap_remote_summaries/nglab1x_v_v3_fixed/summary.json,2000,42,0.9427163004875183,6.861478924751282,5.918762624263763,9961a6e64fe1720ae202f29c22ce0a363aa62224b8462d147e88aec0998d5cff
nglab1x_v_v4_fixed,/tmp/ngram_gap_remote_summaries/nglab1x_v_v4_fixed/summary.json,2000,42,5.734095096588135,5.902425765991211,0.16833066940307617,0a70e765194883babc113915a5c73e3f9a63a54953d368c91a3333b8f528e903
nglab1x_v_v5_fixed,/tmp/ngram_gap_remote_summaries/nglab1x_v_v5_fixed/summary.json,2000,42,2.212705373764038,4.226529598236084,2.013824224472046,ecca6ec3ba98ea291e4b941e4076db0026730e5cc1ad9ac6d6ad8f85d1cd1714
nglab1x_v_v5_s43_fixed,/tmp/ngram_gap_remote_summaries/nglab1x_v_v5_s43_fixed/summary.json,2000,43,1.911978006362915,4.792627930641174,2.8806499242782593,5456f0e559a3511a481a27a962a9d2484bd19186f73bb6e9fa41db5baeb7e968
nglab1x_v_v5_s44_fixed,/tmp/ngram_gap_remote_summaries/nglab1x_v_v5_s44_fixed/summary.json,2000,44,1.9496426582336426,4.672835469245911,2.723192811012268,142067619afb0667231c546243ee0655d48e2914579c58396410fe7ef86df68f
nglab1x_y_v2_fixed,/tmp/ngram_gap_remote_summaries/nglab1x_y_v2_fixed/summary.json,2000,42,1.0745857954025269,6.9407665729522705,5.866180777549744,1885e9bafbed47534cf0dd12f199020efe443d3beedcde8885b0253cc6cc9822
nglab1x_y_v3_fixed,/tmp/ngram_gap_remote_summaries/nglab1x_y_v3_fixed/summary.json,2000,42,1.1544348001480103,6.893671154975891,5.739236354827881,21f44b1c473dea06bf1b8e4372b371944e5697ace533484831f1a6e1137f8c47
nglab1x_y_v4_fixed,/tmp/ngram_gap_remote_summaries/nglab1x_y_v4_fixed/summary.json,2000,42,1.8888108730316162,7.56279182434082,5.673980951309204,d7db4e384845ed745950be1c717d37e4f45fe01c8f7e153e89e387aea67a6c75
nglab1x_y_v5_fixed,/tmp/ngram_gap_remote_summaries/nglab1x_y_v5_fixed/summary.json,2000,42,1.814354419708252,5.4542165994644165,3.6398621797561646,68f2c90b7c52c3a3592e16c46edc5213ebb7ffec978b6955e3b8764f7f29ecbd
nglab1x_y_v5_s43_fixed,/tmp/ngram_gap_remote_summaries/nglab1x_y_v5_s43_fixed/summary.json,2000,43,1.9296983480453491,5.207009315490723,3.2773109674453735,9ac91f0a5ad63f32ce42573e6e34ac5912159d0585bcf467057d66c6966f1664
nglab1x_y_v5_s44_fixed,/tmp/ngram_gap_remote_summaries/nglab1x_y_v5_s44_fixed/summary.json,2000,44,1.8918412923812866,5.33132529258728,3.4394840002059937,3afec8714484a3384b70fd25cd5e9f47eeac8fb425a08a3a76b53df8b68915ed
nglab2_5x_input_v5_freq10_fixed,/tmp/ngram_gap_remote_summaries/nglab2_5x_input_v5_freq10_fixed/summary.json,2000,42,2.7188560962677,3.562299132347107,0.8434430360794067,76f129a9a2698c2a7e324751a74cb6a50095db2a0f807b1f299b62fb9d1a4a02
nglab2x_input_rho_v5_fixed,/tmp/ngram_gap_remote_summaries/nglab2x_input_rho_v5_fixed/summary.json,2000,42,2.5745630264282227,3.81182199716568,1.2372589707374573,5f2e7e0ffdb4f698d52ce961f684d21442d14dc3eb186035aa839e6abb40b748
nglab2x_input_v5_freq10_fixed,/tmp/ngram_gap_remote_summaries/nglab2x_input_v5_freq10_fixed/summary.json,2000,42,2.603914499282837,3.7963666319847107,1.1924521327018738,191999a5b74909f95a4fce31ce8a84f268299090b2405199e8a2e352470b83ea
nglab3x_input_v5_freq10_fixed,/tmp/ngram_gap_remote_summaries/nglab3x_input_v5_freq10_fixed/summary.json,2000,42,3.0469560623168945,3.3148728013038635,0.267916738986969,f9ec42bff09f032c4f5686c19337fd6f10bde38599505981a8724d488416c760
nglab5x_input_v5_128x_freq10_fixed,/tmp/ngram_gap_remote_summaries/nglab5x_input_v5_128x_freq10_fixed/summary.json,2000,42,3.3903720378875732,3.7455833554267883,0.3552113175392151,e142d348d7355380638cdcc9a618bc02f8ad03b844bd3dd4e89b5ec232779adb
nglab5x_input_v5_freq10_fixed,/tmp/ngram_gap_remote_summaries/nglab5x_input_v5_freq10_fixed/summary.json,2000,42,3.1428935527801514,3.227115273475647,0.0842217206954956,3899af0cc97464e7136718949f26ad9b93220929add2f5fed70c1654282c1ba3
nglab6x_input_v5_128x_freq10_fixed,/tmp/ngram_gap_remote_summaries/nglab6x_input_v5_128x_freq10_fixed/summary.json,2000,42,3.70125150680542,3.614249289035797,-0.0870022177696228,cc488e834e9c2cc963d8845cd8a700063340973db40a6b8529fb811bb514657b
nglab6x_input_v5_freq10_fixed,/tmp/ngram_gap_remote_summaries/nglab6x_input_v5_freq10_fixed/summary.json,2000,42,3.2734673023223877,3.1853005290031433,-0.08816677331924438,ff1ac77140e5fcf349e369c62952b1c6ad7348dc0b1c036762eef1437d6f07a8
nglab8x_input_v5_128x_freq10_fixed,/tmp/ngram_gap_remote_summaries/nglab8x_input_v5_128x_freq10_fixed/summary.json,2000,42,3.686049699783325,3.631311297416687,-0.054738402366638184,1492435f488b3d4ec37d4a40f196e19efa82b16056c339b7b146e28dff6e8986
nglab8x_input_v5_freq10_fixed,/tmp/ngram_gap_remote_summaries/nglab8x_input_v5_freq10_fixed/summary.json,2000,42,3.23028826713562,3.1548145413398743,-0.07547372579574585,238da10c43180c4e73527d3d38a1377762773e5cae9ec99c343ca8d196f621a4
nglab_smoke_v3_fixed,/tmp/ngram_gap_remote_summaries/nglab_smoke_v3_fixed/summary.json,100,42,6.6485676765441895,6.662549138069153,0.013981461524963379,8d884851adc2224f62891954372886b6c37dd8376cb0dc39cda4b3d6e534a100
nglab_smoke_v4_fixed,/tmp/ngram_gap_remote_summaries/nglab_smoke_v4_fixed/summary.json,30,42,7.401296138763428,7.405933380126953,0.004637241363525391,278269adcf72cb6af4c9ba9c9b6c703fe3b6cb87f32a95d0f15b2bb0a77c1bcb
optv5_adamw_b099_s2p0_fixed,/tmp/ngram_gap_remote_summaries/optv5_adamw_b099_s2p0_fixed/summary.json,1000,42,2.911327600479126,4.414536237716675,1.5032086372375488,1b9be48448af45d3d9bbf11efc0c3255db9ce98443609c489ca51d4e29b52ef5
optv5_rms_b095_s2p0_fixed,/tmp/ngram_gap_remote_summaries/optv5_rms_b095_s2p0_fixed/summary.json,1000,42,3.047935962677002,4.286571383476257,1.2386354207992554,f00c3d7265fdba2e78f88d033248abeffd81d7b76bb46670147a7a36f9ccac33
optv5_rms_b098_s1p0_fixed,/tmp/ngram_gap_remote_summaries/optv5_rms_b098_s1p0_fixed/summary.json,1000,42,3.33367657661438,4.101990222930908,0.7683136463165283,94737491f2c46158fa880248f29aa8ee7e47db82fae2c5da0d61c87b490e216b
optv5_rms_b098_s2p0_curve_fixed,/tmp/ngram_gap_remote_summaries/optv5_rms_b098_s2p0_curve_fixed/summary.json,1000,42,2.9497687816619873,4.352667689323425,1.402898907661438,e08f984ba63f8e54b5976bfcbad533a5bcb180a16b0d3d383cd78e37f37bbe24
optv5_rms_b098_s2p0_fixed,/tmp/ngram_gap_remote_summaries/optv5_rms_b098_s2p0_fixed/summary.json,1000,42,2.909513235092163,4.353049874305725,1.443536639213562,12055ec5775ba3d1c03484bcbaecf2f07a4557b034cd6870e850dd8ef0c44e9f
optv5_rms_b098_s3p0_fixed,/tmp/ngram_gap_remote_summaries/optv5_rms_b098_s3p0_fixed/summary.json,1000,42,2.8395423889160156,4.591929793357849,1.7523874044418335,12ceba45a0c1528ea1af1ef8d714cd9438af70f69e314f05b01c5afdc0b156fa
optv5_rms_b0995_s1p0_fixed,/tmp/ngram_gap_remote_summaries/optv5_rms_b0995_s1p0_fixed/summary.json,1000,42,3.211463451385498,4.177240371704102,0.9657769203186035,1a72bed6dccc4e00e5ccb3b3de22c2bc4fec9536db9e4a2d5f7a748fe2053b9f
optv5_rms_b0995_s2p0_fixed,/tmp/ngram_gap_remote_summaries/optv5_rms_b0995_s2p0_fixed/summary.json,1000,42,2.8871688842773438,4.494428277015686,1.6072593927383423,79898178ca663b06e54e5d17351a3b387242d0ba4951637f219e09cde4e862ff
optv5_rms_b0995_s2p0_s43_2000_fixed,/tmp/ngram_gap_remote_summaries/optv5_rms_b0995_s2p0_s43_2000_fixed/summary.json,2000,43,0.8771924376487732,6.767714738845825,5.890522301197052,4d2a20cb6314fac2b69046c60163dd703673eef87d3a903b318faba76d0d0a4e
optv5_rms_b0995_s2p0_s44_2000_fixed,/tmp/ngram_gap_remote_summaries/optv5_rms_b0995_s2p0_s44_2000_fixed/summary.json,2000,44,0.9006682634353638,6.581478595733643,5.680810332298279,ebdfb0ff76fb6038146ead0f4bcccf818911114567cccbadfc146a48e7c9ba05
optv5_rms_b0995_s3p0_fixed,/tmp/ngram_gap_remote_summaries/optv5_rms_b0995_s3p0_fixed/summary.json,1000,42,2.7534375190734863,4.696444630622864,1.9430071115493774,c94cb8db078bd0a32164e223e5a9d52a2d47c48a51a3122f8241701586813f76
optv5_rms_b0999_s2p0_fixed,/tmp/ngram_gap_remote_summaries/optv5_rms_b0999_s2p0_fixed/summary.json,1000,42,2.867295503616333,4.4961360692977905,1.6288405656814575,08bad3fb230031b5cb5a7464924fdb4e610dfa6d9e74323687076fc5ffdde005
optv5_rms_b099_s0p5_fixed,/tmp/ngram_gap_remote_summaries/optv5_rms_b099_s0p5_fixed/summary.json,1000,42,3.4878456592559814,3.977785050868988,0.4899393916130066,51636391ce87556dd935e9cc93d8101de9a62b8a529b9eeed21305e3c70a3286
optv5_rms_b099_s1p0_curve_fixed,/tmp/ngram_gap_remote_summaries/optv5_rms_b099_s1p0_curve_fixed/summary.json,1000,42,3.263543128967285,4.1193331480026245,0.8557900190353394,da4e0fceb4ea553765ad0e120a3fc59d99ecf6be008023bcbc282645b29818c9
optv5_rms_b099_s1p0_fixed,/tmp/ngram_gap_remote_summaries/optv5_rms_b099_s1p0_fixed/summary.json,1000,42,3.2457382678985596,4.106486082077026,0.8607478141784668,d0b4cb55d4d3c62c2b04ddebf088832f1f0d1321db1e2d16fe5d83328876f548
optv5_rms_b099_s2p0_s43_2000_fixed,/tmp/ngram_gap_remote_summaries/optv5_rms_b099_s2p0_s43_2000_fixed/summary.json,2000,43,0.8782705664634705,6.5595104694366455,5.681239902973175,3d59ca46cb5606e578168b592645550d54f924c4d50d008c4255215938029b9c
optv5_rms_b099_s2p0_s44_2000_fixed,/tmp/ngram_gap_remote_summaries/optv5_rms_b099_s2p0_s44_2000_fixed/summary.json,2000,44,0.9673183560371399,6.425075650215149,5.457757294178009,dc288396070270dea61f839bb490e26b485b7090708d57decf855a172efef218
optv5_rms_b099_s3p0_curve_fixed,/tmp/ngram_gap_remote_summaries/optv5_rms_b099_s3p0_curve_fixed/summary.json,1000,42,2.7844650745391846,4.679933071136475,1.89546799659729,8d91a48f9ff524d7c1caac1f055bad775ee8f5f61b4465b0700a575bbeec01d3
optv5_rms_b099_s3p0_fixed,/tmp/ngram_gap_remote_summaries/optv5_rms_b099_s3p0_fixed/summary.json,1000,42,2.764427661895752,4.6686975955963135,1.9042699337005615,daf72b68accd6c60d597590e1b0085a50339de09913a08bafd0127b99d1f4d9c
optv5_rms_b099_s4p0_fixed,/tmp/ngram_gap_remote_summaries/optv5_rms_b099_s4p0_fixed/summary.json,1000,42,2.7215332984924316,4.8046815395355225,2.083148241043091,d3e31aac81eae91b36dee68c86f49ac4c8d527af3914355ede67c5c3b6b9370b
optv5_sgd_m0_s2p0_fixed,/tmp/ngram_gap_remote_summaries/optv5_sgd_m0_s2p0_fixed/summary.json,1000,42,3.7977964878082275,3.848535895347595,0.050739407539367676,6b00c11943eccc07a3dba1f2c254c4ca6545cebc24649a5cdedd363d470dc50d
optv5c_adamw_b099_s2p0_fixed,/tmp/ngram_gap_remote_summaries/optv5c_adamw_b099_s2p0_fixed/summary.json,1000,42,2.9033517837524414,4.4055702686309814,1.50221848487854,d4dcfe977319c04dbf9d520c23f670ae0d4bdc933fbf243cce37abc8644b2baf
optv5c_adamw_b099_s2p0_s44_fixed,/tmp/ngram_gap_remote_summaries/optv5c_adamw_b099_s2p0_s44_fixed/summary.json,1000,44,2.873598098754883,4.406171441078186,1.5325733423233032,caaf6354a5e635be99212b91f06c45b35dfa4719675f21268b56c8af5cddb615
optv5c_adamw_s128x_fixed,/tmp/ngram_gap_remote_summaries/optv5c_adamw_s128x_fixed/summary.json,1000,42,2.5532374382019043,5.283823370933533,2.7305859327316284,62e4859c57cca71858556567c760f0807ca070ab9dafd89e351935107a6efbf6
optv5c_rms_b095_s2p0_fixed,/tmp/ngram_gap_remote_summaries/optv5c_rms_b095_s2p0_fixed/summary.json,1000,42,3.0190820693969727,4.258185625076294,1.2391035556793213,1fea587384b159ba1521c3d98724266cb02a6f1c734d5e379a9eac9768f2d54a
optv5c_rms_b098_s2p0_fixed,/tmp/ngram_gap_remote_summaries/optv5c_rms_b098_s2p0_fixed/summary.json,1000,42,2.936457872390747,4.396394968032837,1.4599370956420898,b2c9c362cdd99c6691bf9bda3bc6e0ba136f3583a99886dde77f395a0ddf4777
optv5c_rms_b0995_s2p0_fixed,/tmp/ngram_gap_remote_summaries/optv5c_rms_b0995_s2p0_fixed/summary.json,1000,42,2.872103214263916,4.466314435005188,1.594211220741272,3d7447ebc6f8a5f031e05557085e9439d71f532f9f9c25989513d3164237cd32
optv5c_rms_b0999_s2p0_fixed,/tmp/ngram_gap_remote_summaries/optv5c_rms_b0999_s2p0_fixed/summary.json,1000,42,2.845937728881836,4.5149513483047485,1.6690136194229126,e14fb47777132eda5c383bea809ce4f842c703b130fb6e72a4824b74ec97c519
optv5c_rms_b099_s0p5_fixed,/tmp/ngram_gap_remote_summaries/optv5c_rms_b099_s0p5_fixed/summary.json,1000,42,3.5214035511016846,3.9860332012176514,0.4646296501159668,89ef505069290dc887b16adf2e21dbd8d53a277c616db8ef636bb4ef1eb8b88c
optv5c_rms_b099_s1p0_fixed,/tmp/ngram_gap_remote_summaries/optv5c_rms_b099_s1p0_fixed/summary.json,1000,42,3.264625072479248,4.122927188873291,0.858302116394043,022a516eb6b6dc1edab23aea95881726a8051787b26a49a1362f25ddbac7c1d5
optv5c_rms_b099_s2p0_fixed,/tmp/ngram_gap_remote_summaries/optv5c_rms_b099_s2p0_fixed/summary.json,100,42,6.233121395111084,6.240746855735779,0.007625460624694824,59e837e82b472d74e4f48f41a3d18b8e3cf7a0ffeee950456b91453004c54f9b
optv5c_rms_b099_s2p0_r1_fixed,/tmp/ngram_gap_remote_summaries/optv5c_rms_b099_s2p0_r1_fixed/summary.json,1000,42,2.882657289505005,4.433355093002319,1.5506978034973145,a55ace785a14c0cc31be43d8c801030a13f684cb335a8deea8d19dc2672bf122
optv5c_rms_b099_s3p0_fixed,/tmp/ngram_gap_remote_summaries/optv5c_rms_b099_s3p0_fixed/summary.json,1000,42,2.7592947483062744,4.645381927490234,1.88608717918396,57cc18394dbe7307caf4dbcb22ddaa3f5675f634ac27d7dd2d16c90aa8282615
optv5c_rms_b099_s4p0_fixed,/tmp/ngram_gap_remote_summaries/optv5c_rms_b099_s4p0_fixed/summary.json,1000,42,2.7571353912353516,4.829568982124329,2.072433590888977,333a6b76c8e1a80f19a9f9c3a69d6cf7cd72dbb211a29d34d9b412d5958b9694
optv5c_rms_s128x_fixed,/tmp/ngram_gap_remote_summaries/optv5c_rms_s128x_fixed/summary.json,1000,42,2.5333545207977295,5.260753035545349,2.7273985147476196,3778ed502aaa437a0ccf5270bd922d244495345594e3319198a03c6aeebf2cb3
optv5c_sgd_m0_s128x_fixed,/tmp/ngram_gap_remote_summaries/optv5c_sgd_m0_s128x_fixed/summary.json,1000,42,3.8353755474090576,3.882604241371155,0.04722869396209717,5580931ca86a6efd9191fecce181a343c42e7660645b22b3d226761723077f60
optv5c_sgd_m0_s2p0_fixed,/tmp/ngram_gap_remote_summaries/optv5c_sgd_m0_s2p0_fixed/summary.json,1000,42,3.8803927898406982,3.9583664536476135,0.07797366380691528,ac0c6d124d30b70d4f272a86366246412457dda143fcc0acf3d71154ef6be111
optv5d_rms_b095_s8p0_fixed,/tmp/ngram_gap_remote_summaries/optv5d_rms_b095_s8p0_fixed/summary.json,1000,42,2.733438491821289,4.961817383766174,2.2283788919448853,f99715ddabc431bd5cf5d88bbf1b5f48f8d8710696ece5180314fbea6d4529ad
optv5d_rms_b0995_s8p0_fixed,/tmp/ngram_gap_remote_summaries/optv5d_rms_b0995_s8p0_fixed/summary.json,1000,42,2.683087110519409,5.111953139305115,2.4288660287857056,d15d6f48e4741edcddc0a5fa8517e5f6a618503e53d98733ac4b181fef6c3bea
optv5d_rms_b099_s8p0_fixed,/tmp/ngram_gap_remote_summaries/optv5d_rms_b099_s8p0_fixed/summary.json,1000,42,2.6651296615600586,5.097276568412781,2.432146906852722,8697f7626f5e3c34a09dcc356ef269e524d53c0ed8ed6f831fce2ed49a2b54bd
optv5f_rms_b0999_s128p0_2k_fixed,/tmp/ngram_gap_remote_summaries/optv5f_rms_b0999_s128p0_2k_fixed/summary.json,2000,42,1.3594303131103516,6.758165717124939,5.398735404014587,0ad90d14dd7be46e033992ffd72f9c6d3520df24687af0ba3ca44d4e73456487
optv5f_rms_b0999_s128p0_fixed,/tmp/ngram_gap_remote_summaries/optv5f_rms_b0999_s128p0_fixed/summary.json,1000,42,2.6482315063476562,5.260882616043091,2.6126511096954346,bb29253353de79f4e8288657acdbb9e6ddec8d054dedbf85990863da68057044
optv5f_rms_b0999_s32p0_2k_r1_fixed,/tmp/ngram_gap_remote_summaries/optv5f_rms_b0999_s32p0_2k_r1_fixed/summary.json,2000,42,1.2718195915222168,6.833355784416199,5.561536192893982,2eb24b5bad05186cd6f5eb0a4aabe6251946d89b9392cf2e8f5919f6fe431296
optv5f_rms_b0999_s32p0_fixed,/tmp/ngram_gap_remote_summaries/optv5f_rms_b0999_s32p0_fixed/summary.json,1000,42,2.679442882537842,5.213129043579102,2.5336861610412598,dcd8d9f305c76b18403417fbf609f320a067f6c6ace75da40339c171a72c50fe
optv5f_rms_b0999_s64p0_2k_fixed,/tmp/ngram_gap_remote_summaries/optv5f_rms_b0999_s64p0_2k_fixed/summary.json,2000,42,1.329453945159912,6.754509210586548,5.425055265426636,ed2a536a747b5e325ae108714fc9d5b68167fe7ad0d302cf423e4c0a34e54fe2
optv5f_rms_b0999_s64p0_fixed,/tmp/ngram_gap_remote_summaries/optv5f_rms_b0999_s64p0_fixed/summary.json,1000,42,2.6409265995025635,5.248121619224548,2.607195019721985,ea1dada7d4892c7606bc204e1f8597e163b77836dbde3ca4755ffb2801b0671e
optv5f_rms_b099_s128p0_2k_fixed,/tmp/ngram_gap_remote_summaries/optv5f_rms_b099_s128p0_2k_fixed/summary.json,2000,42,1.2291594743728638,6.953189373016357,5.724029898643494,9c148529ac2d0a27ec72d58ce76344f563d78209080c6601157f3de7f63c7e45
optv5f_rms_b099_s128p0_fixed,/tmp/ngram_gap_remote_summaries/optv5f_rms_b099_s128p0_fixed/summary.json,1000,42,2.546813488006592,5.278868794441223,2.7320553064346313,e9cd6338de8b237b374035d405af1c934b75f627ac2b16490864eb44db756569
optv5f_rms_b099_s64p0_2k_fixed,/tmp/ngram_gap_remote_summaries/optv5f_rms_b099_s64p0_2k_fixed/summary.json,2000,42,1.2247869968414307,6.964647173881531,5.7398601770401,1ce946c25dc4e8d8be356938731f3b20bd37979b07caca368556953f6a4854ec
optv5f_rms_b099_s64p0_fixed,/tmp/ngram_gap_remote_summaries/optv5f_rms_b099_s64p0_fixed/summary.json,1000,42,2.572253465652466,5.27782130241394,2.7055678367614746,c2437fa97ebeb0d20b1cca794c14f6fa8e90862ea039e91dc6ed5195be581734
optv5g_rms_b099_s2p0_constant_fixed,/tmp/ngram_gap_remote_summaries/optv5g_rms_b099_s2p0_constant_fixed/summary.json,1000,42,4.032242774963379,4.566231608390808,0.5339888334274292,1d2dc5c088de6f5d411a0bacf5caff46fd5c77db17f992cead130da917e8cab8
s1v5_128_tri_masklow_ctl_fixed,/tmp/ngram_gap_remote_summaries/s1v5_128_tri_masklow_ctl_fixed/summary.json,1000,42,4.190515995025635,6.676443576812744,2.4859275817871094,29e4d1e9f44b10f60b41393a263ce38a397b89294b8f700f557d458712534186
s1v5_128_tri_masklowf1_e1_fixed,/tmp/ngram_gap_remote_summaries/s1v5_128_tri_masklowf1_e1_fixed/summary.json,1000,42,3.8341243267059326,4.857537865638733,1.0234135389328003,0c0279c81806003cafc2f5fb9dcd427825f9e5a9c99e92a98a7b2d7c3b9390f4
s1v5_128_tri_masklowf2_e1_fixed,/tmp/ngram_gap_remote_summaries/s1v5_128_tri_masklowf2_e1_fixed/summary.json,1000,42,3.7558915615081787,4.61055850982666,0.8546669483184814,cf864c94ae1369f5a1cacd7eb1915502b948de19297e88387ed45fe61d6e4345
s1v5_128_tri_masklowf4_e1_fixed,/tmp/ngram_gap_remote_summaries/s1v5_128_tri_masklowf4_e1_fixed/summary.json,1000,42,3.7436816692352295,4.369375586509705,0.6256939172744751,04ab4b89da7d5ab2473f8885695823fa7ac8aa7436f26c0dff0be975ac4232e0
s1v5_128_tri_masklowf8_e1_fixed,/tmp/ngram_gap_remote_summaries/s1v5_128_tri_masklowf8_e1_fixed/summary.json,1000,42,3.74029278755188,4.154818892478943,0.414526104927063,933504c5b045b619fa6b853dab416be1945e52eb7dfe7eeafd02fe7ccd56a436
s1v5_128_v_ep_bi_0p125xL4_3ep_fixed,/tmp/ngram_gap_remote_summaries/s1v5_128_v_ep_bi_0p125xL4_3ep_fixed/summary.json,126,42,5.925310134887695,5.92509388923645,-0.0002162456512451172,fd27a2d964375c51a033bdcb229e3f9bed6969feeefb7a45497e60d7fe43fa2b
s1v5_128_v_ep_bi_0p1667xL4_3ep_fixed,/tmp/ngram_gap_remote_summaries/s1v5_128_v_ep_bi_0p1667xL4_3ep_fixed/summary.json,168,42,5.033699035644531,5.126681208610535,0.09298217296600342,ff851d5fdd55749e81231556d21e791941116a666a130d0811b1e73c80e2b90a
s1v5_128_v_ep_bi_0p25xL4_3ep_fixed,/tmp/ngram_gap_remote_summaries/s1v5_128_v_ep_bi_0p25xL4_3ep_fixed/summary.json,252,42,4.225854396820068,4.8840131759643555,0.6581587791442871,1ed9a98d01fe2f2353ce92f72f30716c6f1ab5954c481f3faaffc4e8f6575e6a
s1v5_128_v_ep_bi_0p3333xL4_3ep_fixed,/tmp/ngram_gap_remote_summaries/s1v5_128_v_ep_bi_0p3333xL4_3ep_fixed/summary.json,336,42,3.93414568901062,4.681710839271545,0.7475651502609253,7d6403118935cd5cc20487a30c5131925e33269481177d5c7535b43f8108d3e3
s1v5_128_v_ep_bi_0p5xL4_3ep_fixed,/tmp/ngram_gap_remote_summaries/s1v5_128_v_ep_bi_0p5xL4_3ep_fixed/summary.json,504,42,3.3046772480010986,4.665579795837402,1.3609025478363037,9b6c2945cd579c5b8d7d44d9db59703724dd65e1b32c2fa16ddaff38f48c3f8b
s1v5_128_v_ep_bi_0p6667xL4_3ep_fixed,/tmp/ngram_gap_remote_summaries/s1v5_128_v_ep_bi_0p6667xL4_3ep_fixed/summary.json,672,42,3.135211944580078,4.440537333488464,1.3053253889083862,c104fa9e96eb59425a29a6e7e357bb923098fe822905252c75742b8c1fab5615
s1v5_128_v_ep_bi_0p75xL4_3ep_fixed,/tmp/ngram_gap_remote_summaries/s1v5_128_v_ep_bi_0p75xL4_3ep_fixed/summary.json,759,42,3.0425543785095215,4.334042310714722,1.2914879322052002,545023752d4be7a2d86786bc4ab61de32e61b3de6e6c18fb4a22ef467d1282b1
s1v5_128_v_ep_bi_1p0xL4_3ep_fixed,/tmp/ngram_gap_remote_summaries/s1v5_128_v_ep_bi_1p0xL4_3ep_fixed/summary.json,1011,42,2.8675742149353027,4.26435399055481,1.3967797756195068,ccd75400a6cd0b4aec1cd771b00b7950e18e1ad9c6cccc3631d6d1647537d76b
s1v5_128_v_ep_bi_1p25xL4_3ep_fixed,/tmp/ngram_gap_remote_summaries/s1v5_128_v_ep_bi_1p25xL4_3ep_fixed/summary.json,1263,42,2.28501296043396,4.6575000286102295,2.3724870681762695,9c2a564439f1ec7a4a83c7c21df305ad895f093aa434e39b381bfc72e4fd8b67
s1v5_128_v_ep_bi_1p5xL4_3ep_fixed,/tmp/ngram_gap_remote_summaries/s1v5_128_v_ep_bi_1p5xL4_3ep_fixed/summary.json,1518,42,2.045311689376831,5.017644762992859,2.972333073616028,b5de56cb8a0cba0c1651e950be0cada1f4f975ae33d547b95ce1134514bb9f60
s1v5_128_v_ep_bi_1p75xL4_3ep_fixed,/tmp/ngram_gap_remote_summaries/s1v5_128_v_ep_bi_1p75xL4_3ep_fixed/summary.json,1770,42,1.6806988716125488,5.516116261482239,3.83541738986969,15df16100976f23d2835a86a56062f49daf8ee6adddce8e269aef31dde83c738
s1v5_128_v_ep_bi_1xL4_10ep_fixed,/tmp/ngram_gap_remote_summaries/s1v5_128_v_ep_bi_1xL4_10ep_fixed/summary.json,3370,42,0.5570182800292969,8.437052011489868,7.880033731460571,6aaae54707d2d6ec406628218a7224c3bbf2aaae5455757ea9ba8a54f360a73d
s1v5_128_v_ep_bi_2p0xL4_3ep_fixed,/tmp/ngram_gap_remote_summaries/s1v5_128_v_ep_bi_2p0xL4_3ep_fixed/summary.json,2022,42,1.2991207838058472,6.14707624912262,4.8479554653167725,70ecd127a96920727fd779ccb997428b23638f030c51e23ed98415c01f5ee35b
s1v5_128_v_tbl_bi1_R10000_fixed,/tmp/ngram_gap_remote_summaries/s1v5_128_v_tbl_bi1_R10000_fixed/summary.json,1000,42,3.5511159896850586,3.6411112546920776,0.08999526500701904,8f68510a67cd7dd343e8594c9d38430dc0abbb2ab6fa2089a3356b99597e81f7
s1v5_128_v_tbl_bi1_R1000_fixed,/tmp/ngram_gap_remote_summaries/s1v5_128_v_tbl_bi1_R1000_fixed/summary.json,1000,42,3.5871708393096924,3.62378191947937,0.036611080169677734,9944343598f6348e9c7f8303af49c39c7bdbf6fffa1facb758ac2380771968a7
s1v5_128_v_tbl_bi1_R100_fixed,/tmp/ngram_gap_remote_summaries/s1v5_128_v_tbl_bi1_R100_fixed/summary.json,1000,42,3.5484535694122314,3.575421452522278,0.026967883110046387,06cb277ad3f1ed0a513e070d5e4bafa460bd940633debe39dad91a5cd0d372bb
s1v5_128_v_tbl_bi1_R104000_fixed,/tmp/ngram_gap_remote_summaries/s1v5_128_v_tbl_bi1_R104000_fixed/summary.json,1000,42,3.3243770599365234,3.612368404865265,0.28799134492874146,6be3efcf7cf816255d7bae2857219449bfe9080505057554f0c19602f20ec506
s1v5_128_v_tbl_bi1_R10_fixed,/tmp/ngram_gap_remote_summaries/s1v5_128_v_tbl_bi1_R10_fixed/summary.json,1000,42,3.5570547580718994,3.5775954127311707,0.02054065465927124,3349b15bcaf451d113632ab4c8f2d6311ad4242004cb93c4e978b148cda80380
s1v5_128_v_tbl_bi1_R1259000_fixed,/tmp/ngram_gap_remote_summaries/s1v5_128_v_tbl_bi1_R1259000_fixed/summary.json,1000,42,2.6988823413848877,4.388867616653442,1.6899852752685547,cec2e6f3d20e7a9e2b08db9bacc0d6bc01666a305e1e6ce637b162f51affd7bd
s1v5_128_v_tbl_bi1_R142000_fixed,/tmp/ngram_gap_remote_summaries/s1v5_128_v_tbl_bi1_R142000_fixed/summary.json,1000,42,3.270805835723877,3.6528393626213074,0.3820335268974304,e43215ad9c92fd8bbd2157f5e3e3df5bef607b43c7647c8e3dbb9ba43de359c4
s1v5_128_v_tbl_bi1_R16000_fixed,/tmp/ngram_gap_remote_summaries/s1v5_128_v_tbl_bi1_R16000_fixed/summary.json,1000,42,3.4807443618774414,3.573745310306549,0.09300094842910767,32c3b572c35d11fe709ad44b6494c32286da54b3c5fd6ef907b08543a34a69ca
s1v5_128_v_tbl_bi1_R1719000_fixed,/tmp/ngram_gap_remote_summaries/s1v5_128_v_tbl_bi1_R1719000_fixed/summary.json,1000,42,2.6736130714416504,4.3630311489105225,1.689418077468872,a9a2819415315ddf316fc57eb6e41cce25593efdac54cf305e3314e750554ee9
s1v5_128_v_tbl_bi1_R194000_fixed,/tmp/ngram_gap_remote_summaries/s1v5_128_v_tbl_bi1_R194000_fixed/summary.json,1000,42,3.2849512100219727,3.7370858788490295,0.4521346688270569,d9def508d790409e100e2f8eb6a2afd6796a086c4b8d8470a2cc078733888f63
s1v5_128_v_tbl_bi1_R1_fixed,/tmp/ngram_gap_remote_summaries/s1v5_128_v_tbl_bi1_R1_fixed/summary.json,1000,42,3.55940842628479,3.5795947313308716,0.020186305046081543,1c7d320178daa53090b081919e218044980816955c18f59186d77a86b4834aad
s1v5_128_v_tbl_bi1_R2000000_fixed,/tmp/ngram_gap_remote_summaries/s1v5_128_v_tbl_bi1_R2000000_fixed/summary.json,1000,42,2.6307430267333984,4.433552503585815,1.802809476852417,7685e62f13377c64e4819617d81ca47c2425a3a59c9783b223b57d1ac01e32e0
s1v5_128_v_tbl_bi1_R2154_fixed,/tmp/ngram_gap_remote_summaries/s1v5_128_v_tbl_bi1_R2154_fixed/summary.json,1000,42,3.577486753463745,3.618451416492462,0.04096466302871704,1f741e9836491b0dcd8d1f9859f7f3b2b8d59c9bed442967b45f5cf5f7ea0fed
s1v5_128_v_tbl_bi1_R215_fixed,/tmp/ngram_gap_remote_summaries/s1v5_128_v_tbl_bi1_R215_fixed/summary.json,1000,42,3.568073272705078,3.594689726829529,0.026616454124450684,2229e5999d0cfbecc672aae27f355b79087cb4c449701ac974dd8125af71a4c9
s1v5_128_v_tbl_bi1_R22000_fixed,/tmp/ngram_gap_remote_summaries/s1v5_128_v_tbl_bi1_R22000_fixed/summary.json,1000,42,3.4474546909332275,3.5368382334709167,0.08938354253768921,aa2ec86cb3b819083e19a788baf276a4cb283c933ce865169af99baaf4e77bf9
s1v5_128_v_tbl_bi1_R22_fixed,/tmp/ngram_gap_remote_summaries/s1v5_128_v_tbl_bi1_R22_fixed/summary.json,1000,42,3.54824161529541,3.570836901664734,0.02259528636932373,f2637133ccbf08a25cc3f892abcd5e51ce5cfd6f569bb61c1571759778112b15
s1v5_128_v_tbl_bi1_R2347000_fixed,/tmp/ngram_gap_remote_summaries/s1v5_128_v_tbl_bi1_R2347000_fixed/summary.json,1000,42,2.5040557384490967,4.492779016494751,1.9887232780456543,23ea9d3fc7abb299a671a00ffa080c79784708edaa890946e0d30133bf8e9eff
s1v5_128_v_tbl_bi1_R265000_fixed,/tmp/ngram_gap_remote_summaries/s1v5_128_v_tbl_bi1_R265000_fixed/summary.json,1000,42,3.137775182723999,3.852325141429901,0.7145499587059021,00d38a57a6b74953f4062e6a6a8f80e770c5e8075cde764abd4bc84f4129356f
s1v5_128_v_tbl_bi1_R2_fixed,/tmp/ngram_gap_remote_summaries/s1v5_128_v_tbl_bi1_R2_fixed/summary.json,1000,42,3.544135570526123,3.565738260746002,0.02160269021987915,5edc06af7dfd4940ed12d14d643aa411343fb159f467d5577073c5ff587ba659
s1v5_128_v_tbl_bi1_R30000_fixed,/tmp/ngram_gap_remote_summaries/s1v5_128_v_tbl_bi1_R30000_fixed/summary.json,1000,42,3.4264652729034424,3.5478877425193787,0.12142246961593628,eddd456126be42668dad7babbd4dcb59cadb7e3aa401589363c3d22d7277580b
s1v5_128_v_tbl_bi1_R362000_fixed,/tmp/ngram_gap_remote_summaries/s1v5_128_v_tbl_bi1_R362000_fixed/summary.json,1000,42,3.123140573501587,3.880283534526825,0.757142961025238,924b84a0014d7f56ace585336242433efb71a9bc347d73453b9c8027ba7b24f8
s1v5_128_v_tbl_bi1_R41000_fixed,/tmp/ngram_gap_remote_summaries/s1v5_128_v_tbl_bi1_R41000_fixed/summary.json,1000,42,3.3952088356018066,3.5519087314605713,0.15669989585876465,62d69f885ed6da5d85153ded6ce47c746a77265b3c3ac38ff33a35532acf7818
s1v5_128_v_tbl_bi1_R4642_fixed,/tmp/ngram_gap_remote_summaries/s1v5_128_v_tbl_bi1_R4642_fixed/summary.json,1000,42,3.5529134273529053,3.5967153310775757,0.04380190372467041,e20e0efd0c9f5e67212b0f097e92644bfcccb4aa31f5bbb3903989e3ac959691
s1v5_128_v_tbl_bi1_R464_fixed,/tmp/ngram_gap_remote_summaries/s1v5_128_v_tbl_bi1_R464_fixed/summary.json,1000,42,3.5651257038116455,3.594739317893982,0.029613614082336426,b8ce6f2620e2d95d7fbc4c71840177aafdbdebd32212bc120f5857d68e477495
s1v5_128_v_tbl_bi1_R46_fixed,/tmp/ngram_gap_remote_summaries/s1v5_128_v_tbl_bi1_R46_fixed/summary.json,1000,42,3.5856785774230957,3.6078126430511475,0.022134065628051758,0f215594022abe5736a9241ad0337cd3ce8b1f409c114f5b1a4db69a44a3bddf
s1v5_128_v_tbl_bi1_R494000_fixed,/tmp/ngram_gap_remote_summaries/s1v5_128_v_tbl_bi1_R494000_fixed/summary.json,1000,42,3.0191092491149902,3.9973673224449158,0.9782580733299255,59d0538c4acf1bab88e50e55534aa1894a0fd686ca08bf5c7b347803f2c0cb44
s1v5_128_v_tbl_bi1_R56000_fixed,/tmp/ngram_gap_remote_summaries/s1v5_128_v_tbl_bi1_R56000_fixed/summary.json,1000,42,3.3659913539886475,3.5668261647224426,0.20083481073379517,eb73f496c7e8a9bf3b422fcb6f85134c93c7e9b769505cb6599b8b5e3b866415
s1v5_128_v_tbl_bi1_R5_fixed,/tmp/ngram_gap_remote_summaries/s1v5_128_v_tbl_bi1_R5_fixed/summary.json,1000,42,3.580167055130005,3.6104052662849426,0.030238211154937744,1eb9fcd1a306b8c28499542b75bb16d7dd6587824d868a04a97726fd0180975f
s1v5_128_v_tbl_bi1_R675000_fixed,/tmp/ngram_gap_remote_summaries/s1v5_128_v_tbl_bi1_R675000_fixed/summary.json,1000,42,2.8693761825561523,4.122465491294861,1.2530893087387085,7d73a87b2230104719378da4409007e15abb861d84a099c5185a687b31d01b49
s1v5_128_v_tbl_bi1_R76000_fixed,/tmp/ngram_gap_remote_summaries/s1v5_128_v_tbl_bi1_R76000_fixed/summary.json,1000,42,3.354174852371216,3.5828362703323364,0.2286614179611206,f853ddd0e6ddd922083f32f42f446d95a35faa7bb7ab31dbec9df74e06126c10
s1v5_128_v_tbl_bi1_R922000_fixed,/tmp/ngram_gap_remote_summaries/s1v5_128_v_tbl_bi1_R922000_fixed/summary.json,1000,42,2.8653290271759033,4.182770848274231,1.3174418210983276,ba89af58361515220edadbca2892683478cdedd47b7e4902bbbb07fb959a9173
s1v5_128_y_ep_bi_0p125xL4_3ep_fixed,/tmp/ngram_gap_remote_summaries/s1v5_128_y_ep_bi_0p125xL4_3ep_fixed/summary.json,126,42,4.109163761138916,5.661815166473389,1.5526514053344727,f616128872bee43b6d058f8bf639328a3651543f87622266734d9e1620369e5c
s1v5_128_y_ep_bi_0p1667xL4_3ep_fixed,/tmp/ngram_gap_remote_summaries/s1v5_128_y_ep_bi_0p1667xL4_3ep_fixed/summary.json,168,42,3.8929665088653564,5.44966721534729,1.5567007064819336,ff13c512560410757345e41cb38d489da37f8e8c67fdcf27951e7cfa0a6073f0
s1v5_128_y_ep_bi_0p25xL4_3ep_fixed,/tmp/ngram_gap_remote_summaries/s1v5_128_y_ep_bi_0p25xL4_3ep_fixed/summary.json,252,42,3.734286069869995,5.19848096370697,1.464194893836975,08edd0aae22debf586e145a1f7ac515593a3316f95202b96883ecc29d7213a0a
s1v5_128_y_ep_bi_0p3333xL4_3ep_fixed,/tmp/ngram_gap_remote_summaries/s1v5_128_y_ep_bi_0p3333xL4_3ep_fixed/summary.json,336,42,3.6372711658477783,4.873123288154602,1.2358521223068237,5148c9eaedfadcab698603659a5f707db71cb999e5e8d3cf34f760f9a0f5798c
s1v5_128_y_ep_bi_0p5xL4_3ep_fixed,/tmp/ngram_gap_remote_summaries/s1v5_128_y_ep_bi_0p5xL4_3ep_fixed/summary.json,504,42,3.539264440536499,4.617543697357178,1.0782792568206787,4519e1bc3cc0e03cb0726c67408aaa2d73ca0314d074a94fb8cf255783869b41
s1v5_128_y_ep_bi_0p6667xL4_3ep_fixed,/tmp/ngram_gap_remote_summaries/s1v5_128_y_ep_bi_0p6667xL4_3ep_fixed/summary.json,672,42,3.409674644470215,4.325483202934265,0.9158085584640503,284365a4131a9bb4e9ef56a50e5bbea662273948a9ddc9e277de0b86bdff5e0f
s1v5_128_y_ep_bi_0p75xL4_3ep_fixed,/tmp/ngram_gap_remote_summaries/s1v5_128_y_ep_bi_0p75xL4_3ep_fixed/summary.json,759,42,3.3426835536956787,4.280169486999512,0.937485933303833,e66660abb426e336eb64f4e578015f7282e8a27fbf7a510ebc4c4de4518bf13f
s1v5_128_y_ep_bi_1p0xL4_3ep_fixed,/tmp/ngram_gap_remote_summaries/s1v5_128_y_ep_bi_1p0xL4_3ep_fixed/summary.json,1011,42,3.2189807891845703,4.038254022598267,0.8192732334136963,0b021020039160f57d344ab0ff81fb81411e74f2ea93869cdb1b918275b2573f
s1v5_128_y_ep_bi_1p25xL4_3ep_fixed,/tmp/ngram_gap_remote_summaries/s1v5_128_y_ep_bi_1p25xL4_3ep_fixed/summary.json,1263,42,2.9039230346679688,4.1742225885391235,1.2702995538711548,b54b8b9f20e7ec3f4ab0f8c40f9c3f121cdbba59674a01f49bf1a11b3b17bf21
s1v5_128_y_ep_bi_1p5xL4_3ep_fixed,/tmp/ngram_gap_remote_summaries/s1v5_128_y_ep_bi_1p5xL4_3ep_fixed/summary.json,1518,42,2.765031337738037,4.300945281982422,1.5359139442443848,0fe82226147cee0dfa185476cf851d50554ab93dd07e9172436a4a68b6258db1
s1v5_128_y_ep_bi_1p75xL4_3ep_fixed,/tmp/ngram_gap_remote_summaries/s1v5_128_y_ep_bi_1p75xL4_3ep_fixed/summary.json,1770,42,2.459401845932007,4.579911231994629,2.120509386062622,f24ba9a4a79a2335feceab400832cfda108064c20d4c483bcbe1dc62f0265a08
s1v5_128_y_ep_bi_1xL4_10ep_fixed,/tmp/ngram_gap_remote_summaries/s1v5_128_y_ep_bi_1xL4_10ep_fixed/summary.json,3370,42,1.359961748123169,6.218358397483826,4.858396649360657,f6f6599adc69366bea8b7cd7497b28f3eae1b731f2a73522161a5f533e0f408f
s1v5_128_y_ep_bi_2p0xL4_3ep_fixed,/tmp/ngram_gap_remote_summaries/s1v5_128_y_ep_bi_2p0xL4_3ep_fixed/summary.json,2022,42,2.271791696548462,4.652105927467346,2.3803142309188843,e18f01f477ff73e3b132a207fa497e93986fab4bf31c31ecb4de7ab13ab42dfd
